CPU_Clock_Speed,CPU_Cores,CPU_Cache_Size,CPU_TDP,CPU_Brand_Model,GPU_Clock_Speed,GPU_Cores,GPU_Memory_Size,GPU_Memory_Bandwidth,GPU_Brand_Model,Performance_Metric
3.8,7,15,103,AMD Ryzen 5,1522,481,3,368,NVIDIA GTX 1050,1822
2.7,12,28,144,Intel Core i7,1622,131,7,148,NVIDIA GTX 1060,955
3.8,7,10,100,Intel Core i7,1380,439,7,325,AMD Radeon RX 570,1059
3.2,10,9,88,AMD Ryzen 5,1010,377,6,208,NVIDIA GTX 1650,1918
2.2,8,16,123,Intel Core i7,1489,458,8,137,AMD Radeon RX 580,1329
2.9,8,16,106,Intel Core i3,1207,191,11,388,AMD Radeon RX 570,795
4.2,7,4,91,AMD Ryzen 3,1179,451,10,285,NVIDIA GTX 1060,1399
2.7,3,4,104,Intel Core i3,1673,382,8,121,AMD Radeon RX 570,759
2.6,8,32,90,Intel Core i5,1637,381,11,326,NVIDIA GTX 1650,1658
3.5,6,13,120,AMD Ryzen 5,1381,187,9,188,AMD Radeon RX 580,1712
4.3,3,25,94,AMD Ryzen 7,1549,452,12,299,NVIDIA GTX 1650,1790
3.4,5,7,110,AMD Ryzen 7,1618,424,4,370,NVIDIA GTX 1660,1305
3.4,4,10,106,Intel Core i7,1731,176,12,349,NVIDIA RTX 2060,1084
2.5,5,14,114,AMD Ryzen 7,1069,188,3,248,AMD Radeon RX 570,1136
2.7,3,23,113,AMD Ryzen 3,1987,350,8,285,NVIDIA GTX 1050,1597
3.3,9,14,101,AMD Ryzen 5,1069,341,10,313,AMD Radeon RX 570,1107
4,7,31,127,Intel Core i3,1457,411,5,365,NVIDIA RTX 2060,897
3.9,3,32,97,Intel Core i7,1763,441,10,126,NVIDIA GTX 1650,774
4.5,8,15,81,Intel Core i5,1995,146,7,153,NVIDIA GTX 1650,975
2.1,8,16,121,AMD Ryzen 7,1094,279,8,246,NVIDIA GTX 1660,1947
2.3,11,6,112,AMD Ryzen 3,1485,413,6,105,AMD Radeon RX 580,1245
2.7,8,28,125,AMD Ryzen 7,1650,279,4,306,NVIDIA GTX 1650,1979
3.3,2,7,87,Intel Core i7,1445,406,6,139,NVIDIA GTX 1650,1234
2.1,7,18,49,Intel Core i3,1943,454,2,123,NVIDIA GTX 1060,978
4,6,14,94,AMD Ryzen 7,1179,247,8,247,AMD Radeon RX 580,1361
4.4,4,18,131,AMD Ryzen 7,1386,504,7,131,NVIDIA RTX 2060,1460
3.2,5,18,135,Intel Core i3,1132,150,12,379,NVIDIA GTX 1060,1933
3,2,5,69,AMD Ryzen 7,1903,231,10,178,AMD Radeon RX 580,988
3.1,6,30,91,Intel Core i5,1381,417,4,298,NVIDIA GTX 1660,1672
3.8,3,28,68,Intel Core i3,1730,338,4,266,AMD Radeon RX 580,1619
3.4,2,8,82,Intel Core i7,1081,249,11,291,AMD Radeon RX 580,511
2.2,6,8,65,AMD Ryzen 7,1916,242,2,394,NVIDIA RTX 2060,1392
3.4,9,25,137,Intel Core i3,1561,384,10,316,AMD Radeon RX 570,1879
3.3,10,8,64,Intel Core i7,1150,373,11,213,NVIDIA GTX 1060,1023
2.3,4,18,57,Intel Core i3,1920,431,3,342,AMD Radeon RX 570,1704
3.9,12,30,140,AMD Ryzen 5,1201,374,5,227,NVIDIA GTX 1050,729
4.5,5,29,63,AMD Ryzen 5,1331,418,4,352,AMD Radeon RX 570,519
4,5,22,111,AMD Ryzen 5,1943,186,10,194,AMD Radeon RX 570,1368
2.4,8,30,100,AMD Ryzen 5,1535,356,11,164,NVIDIA GTX 1050,838
4.1,11,27,98,Intel Core i5,1905,425,9,306,NVIDIA GTX 1050,1990
4.5,10,29,103,Intel Core i3,1791,474,4,347,NVIDIA GTX 1060,1914
4.3,5,13,95,Intel Core i5,1271,421,4,349,NVIDIA GTX 1060,1733
4.4,12,17,57,AMD Ryzen 5,1530,396,10,140,NVIDIA GTX 1650,841
2,5,19,67,AMD Ryzen 5,1025,414,8,286,NVIDIA GTX 1050,1218
3,3,6,113,AMD Ryzen 5,1076,489,8,277,NVIDIA GTX 1660,1563
2.4,7,12,52,AMD Ryzen 3,1881,363,10,121,NVIDIA GTX 1660,595
4,12,25,48,Intel Core i3,1054,404,2,151,NVIDIA RTX 2060,1955
2.3,7,22,75,Intel Core i3,1464,360,6,262,NVIDIA GTX 1660,1055
2.6,11,11,104,AMD Ryzen 7,1078,386,2,145,NVIDIA GTX 1650,1106
2.5,3,11,80,Intel Core i5,1075,403,6,273,AMD Radeon RX 570,932
3.3,5,27,117,Intel Core i3,1815,449,5,132,NVIDIA RTX 2060,950
4.4,5,19,74,Intel Core i7,1489,337,8,366,NVIDIA GTX 1650,578
3.6,10,9,144,AMD Ryzen 5,1599,195,9,310,AMD Radeon RX 570,1698
2.6,2,17,67,Intel Core i3,1512,256,2,290,NVIDIA GTX 1650,997
4.3,3,15,82,AMD Ryzen 7,1571,279,10,322,NVIDIA GTX 1650,1943
3.3,8,6,84,Intel Core i7,1516,455,6,287,AMD Radeon RX 580,1687
2.6,8,7,64,AMD Ryzen 5,1093,219,7,273,NVIDIA GTX 1650,1662
3.3,5,24,111,Intel Core i3,1631,465,8,222,AMD Radeon RX 580,806
3.3,4,32,125,AMD Ryzen 5,1409,332,11,129,NVIDIA GTX 1060,1676
3.3,2,26,140,AMD Ryzen 5,1975,469,7,164,NVIDIA GTX 1060,707
4.1,8,32,45,Intel Core i5,1371,392,7,205,NVIDIA GTX 1050,986
3,5,26,106,AMD Ryzen 7,1746,427,7,238,AMD Radeon RX 570,1406
2.1,12,15,51,Intel Core i3,1623,336,11,125,NVIDIA GTX 1660,892
3.8,6,15,104,Intel Core i7,1023,194,5,168,NVIDIA RTX 2060,1626
2.4,9,17,94,Intel Core i7,1471,204,8,104,NVIDIA GTX 1050,851
3.8,3,6,128,Intel Core i3,1550,236,6,148,AMD Radeon RX 570,1632
2.9,9,5,87,AMD Ryzen 5,1375,407,12,360,AMD Radeon RX 580,1159
3.4,3,25,115,Intel Core i7,1366,208,4,107,NVIDIA GTX 1060,647
4.3,2,13,93,Intel Core i5,1442,468,8,267,NVIDIA GTX 1050,595
3,5,31,62,Intel Core i3,1858,377,10,256,AMD Radeon RX 570,826
2.8,9,30,103,AMD Ryzen 3,1029,450,10,377,NVIDIA GTX 1050,974
3.5,12,14,113,AMD Ryzen 7,1661,225,8,118,NVIDIA RTX 2060,898
3.9,11,31,87,AMD Ryzen 3,1339,237,7,176,AMD Radeon RX 580,1821
3,8,4,78,Intel Core i5,1802,270,5,216,NVIDIA GTX 1060,1685
2.1,12,5,144,Intel Core i3,1755,250,9,269,NVIDIA GTX 1660,1041
2.3,4,7,106,Intel Core i3,1673,499,5,272,NVIDIA GTX 1650,1842
4.3,8,17,48,Intel Core i5,1770,340,5,144,NVIDIA GTX 1650,1993
2.6,12,13,147,AMD Ryzen 7,1214,225,11,209,NVIDIA GTX 1060,977
3.5,11,24,99,Intel Core i7,1951,309,2,259,NVIDIA GTX 1060,1471
2.9,4,19,79,Intel Core i5,1628,319,4,324,NVIDIA GTX 1650,1736
3,4,17,105,AMD Ryzen 3,1729,389,2,114,NVIDIA RTX 2060,1580
3.1,6,22,56,Intel Core i7,1626,368,10,332,AMD Radeon RX 570,541
3.6,7,8,96,Intel Core i7,1987,393,6,226,AMD Radeon RX 570,1654
4.2,5,4,127,Intel Core i7,1102,316,3,178,NVIDIA GTX 1660,578
4,8,30,109,AMD Ryzen 7,1809,473,12,135,NVIDIA GTX 1060,1568
3.8,12,15,114,AMD Ryzen 3,1796,224,10,121,NVIDIA RTX 2060,1833
4,3,15,61,AMD Ryzen 3,1897,210,4,349,AMD Radeon RX 580,1708
4,5,22,94,AMD Ryzen 3,1037,383,2,304,NVIDIA RTX 2060,1037
3.3,4,6,114,AMD Ryzen 5,1330,219,11,210,NVIDIA GTX 1050,1654
3.3,4,32,150,Intel Core i3,1371,494,7,142,NVIDIA GTX 1650,1780
4.4,5,28,88,AMD Ryzen 7,1910,432,7,104,NVIDIA GTX 1650,1837
4.1,8,15,47,AMD Ryzen 7,1210,393,11,364,NVIDIA GTX 1660,619
4.1,2,13,53,AMD Ryzen 7,1812,508,9,349,NVIDIA GTX 1060,1985
2.1,12,14,128,Intel Core i7,1099,312,7,268,NVIDIA GTX 1050,1923
4.4,4,8,116,AMD Ryzen 5,1695,452,8,271,NVIDIA GTX 1660,1348
2.6,11,26,85,Intel Core i5,1953,257,12,139,NVIDIA RTX 2060,931
2.9,12,28,101,Intel Core i7,1045,299,11,292,NVIDIA GTX 1660,516
3.6,8,15,114,AMD Ryzen 5,1522,239,6,274,AMD Radeon RX 570,507
2.1,12,18,111,Intel Core i5,1367,455,12,297,NVIDIA GTX 1060,1217
3.7,12,28,147,Intel Core i7,1435,184,3,177,NVIDIA GTX 1050,713
2.4,8,19,71,AMD Ryzen 3,1705,247,6,171,NVIDIA GTX 1660,1041
4.4,2,4,110,AMD Ryzen 5,1082,204,5,281,NVIDIA GTX 1050,1246
4,6,11,96,Intel Core i5,1652,283,10,250,AMD Radeon RX 570,763
2.3,11,27,61,AMD Ryzen 7,1747,263,3,283,NVIDIA GTX 1050,1679
2.5,2,12,109,Intel Core i3,1622,187,7,388,NVIDIA GTX 1060,941
3,9,24,150,AMD Ryzen 7,1356,133,6,240,NVIDIA GTX 1660,718
4.1,10,26,104,Intel Core i3,1974,496,4,103,NVIDIA GTX 1660,1030
2.3,9,14,125,AMD Ryzen 3,1276,279,9,180,AMD Radeon RX 570,1147
2.6,9,20,96,Intel Core i5,1532,304,8,325,NVIDIA GTX 1660,1752
4.5,4,31,67,AMD Ryzen 5,1978,227,6,165,NVIDIA GTX 1650,1721
2.6,3,10,91,AMD Ryzen 7,1592,433,11,263,NVIDIA GTX 1660,1761
4,10,24,146,Intel Core i5,1909,259,12,268,NVIDIA GTX 1060,1385
4.3,8,27,85,AMD Ryzen 3,1379,192,6,352,NVIDIA GTX 1650,567
3.4,8,19,71,AMD Ryzen 7,1729,225,3,212,NVIDIA GTX 1650,1147
3.4,12,8,51,AMD Ryzen 5,1778,275,9,268,AMD Radeon RX 570,1342
3.3,11,16,142,Intel Core i5,1521,263,9,373,AMD Radeon RX 580,1587
4,10,13,104,Intel Core i3,1473,160,10,324,NVIDIA GTX 1660,1788
2.1,11,10,47,AMD Ryzen 5,1861,282,8,363,NVIDIA RTX 2060,1982
2.5,2,7,66,AMD Ryzen 3,1771,192,10,203,NVIDIA GTX 1060,1820
4.1,3,5,77,Intel Core i5,1676,362,4,131,NVIDIA GTX 1650,1181
2.1,11,6,98,AMD Ryzen 3,1649,265,12,222,AMD Radeon RX 580,1012
3.4,7,31,104,AMD Ryzen 7,1787,198,3,391,NVIDIA GTX 1650,917
3.3,4,5,80,AMD Ryzen 3,1165,307,9,378,AMD Radeon RX 580,1254
2.5,5,11,87,Intel Core i7,1855,396,8,156,NVIDIA GTX 1060,585
3,4,10,52,AMD Ryzen 3,1583,244,10,108,NVIDIA GTX 1060,923
2.7,2,31,76,AMD Ryzen 7,1115,359,9,198,NVIDIA RTX 2060,1399
2.6,8,13,98,AMD Ryzen 7,1898,415,9,354,NVIDIA GTX 1050,1791
2.5,10,20,66,AMD Ryzen 5,1821,332,9,236,NVIDIA GTX 1050,1972
3.4,8,21,80,AMD Ryzen 5,1652,233,3,226,NVIDIA GTX 1050,1694
4.4,6,32,124,AMD Ryzen 3,1158,280,11,394,NVIDIA RTX 2060,1285
4.4,9,30,49,AMD Ryzen 5,1761,243,2,107,NVIDIA RTX 2060,695
2.6,9,12,134,Intel Core i5,1159,342,10,252,NVIDIA GTX 1650,1361
2.1,4,20,105,Intel Core i7,1869,146,12,385,NVIDIA GTX 1050,659
2.4,9,9,102,Intel Core i3,1789,228,6,177,AMD Radeon RX 570,1389
3.1,2,8,120,AMD Ryzen 3,1532,222,4,113,AMD Radeon RX 580,957
2.2,12,18,62,Intel Core i3,1218,477,10,137,AMD Radeon RX 570,1615
3.8,11,12,71,Intel Core i5,1633,246,2,359,AMD Radeon RX 570,1646
2.2,9,24,113,AMD Ryzen 3,1105,224,12,262,NVIDIA GTX 1650,1613
2.3,3,20,76,Intel Core i3,1805,292,4,107,NVIDIA RTX 2060,1310
3.2,7,27,130,AMD Ryzen 3,1164,323,6,234,AMD Radeon RX 570,801
2.4,10,26,109,AMD Ryzen 3,1297,354,5,139,NVIDIA GTX 1050,1034
2.7,4,32,76,AMD Ryzen 3,1938,310,3,196,NVIDIA RTX 2060,1031
3.1,11,25,138,Intel Core i7,1735,160,9,114,AMD Radeon RX 570,1233
4.1,8,10,76,AMD Ryzen 5,1412,354,6,321,NVIDIA GTX 1650,615
3.5,8,14,88,AMD Ryzen 3,1858,500,4,131,NVIDIA GTX 1650,824
4.2,6,19,128,Intel Core i5,1542,202,2,231,NVIDIA GTX 1050,1127
4.3,10,20,88,Intel Core i5,1211,364,4,397,NVIDIA GTX 1050,820
2.2,4,4,99,AMD Ryzen 5,1611,385,5,260,AMD Radeon RX 580,1858
3.1,9,14,110,AMD Ryzen 3,1552,414,11,153,NVIDIA GTX 1050,1369
3.4,9,16,112,Intel Core i3,1714,257,9,272,NVIDIA GTX 1650,992
2.2,2,14,144,Intel Core i3,1312,223,9,198,NVIDIA GTX 1060,1898
3.2,3,18,77,AMD Ryzen 7,1439,501,9,321,NVIDIA RTX 2060,609
2.3,4,7,139,Intel Core i7,1558,465,10,261,NVIDIA GTX 1650,1205
3.4,9,16,61,AMD Ryzen 3,1495,351,12,161,NVIDIA GTX 1060,1328
4.4,2,16,86,Intel Core i7,1109,306,11,390,NVIDIA GTX 1660,1733
2.6,5,14,94,AMD Ryzen 7,1867,262,2,280,NVIDIA GTX 1060,847
4.4,4,19,52,Intel Core i3,1485,491,10,151,AMD Radeon RX 570,1843
3.4,6,31,150,Intel Core i5,1131,489,4,388,NVIDIA GTX 1650,628
4.4,8,9,93,Intel Core i3,1527,203,3,374,AMD Radeon RX 570,1921
4.3,9,26,106,AMD Ryzen 3,1484,476,8,195,NVIDIA GTX 1060,1131
3.1,2,31,46,AMD Ryzen 5,1165,411,3,363,NVIDIA GTX 1060,869
2.3,7,21,117,Intel Core i7,1582,150,11,349,AMD Radeon RX 580,1474
2,12,27,85,AMD Ryzen 3,1539,459,5,276,NVIDIA GTX 1660,1968
3.9,11,22,141,AMD Ryzen 5,1870,365,4,277,NVIDIA GTX 1050,702
3.1,3,13,52,Intel Core i7,1180,209,7,118,NVIDIA GTX 1660,818
2.9,9,9,147,Intel Core i7,1063,454,12,312,AMD Radeon RX 570,1109
2.3,2,15,74,Intel Core i7,1063,430,12,110,AMD Radeon RX 570,637
3.6,12,31,125,AMD Ryzen 3,1641,211,4,303,AMD Radeon RX 570,1466
4.1,11,9,142,Intel Core i5,1336,349,3,319,NVIDIA GTX 1650,1245
3.5,10,17,99,AMD Ryzen 3,1745,188,8,104,NVIDIA GTX 1650,1358
2.4,6,4,99,Intel Core i5,1224,508,12,337,NVIDIA GTX 1050,873
3.4,3,28,120,AMD Ryzen 7,1913,166,9,152,NVIDIA GTX 1660,882
3.3,5,30,79,Intel Core i5,1345,275,6,249,NVIDIA GTX 1050,549
3.9,10,9,114,Intel Core i7,1197,140,6,290,NVIDIA GTX 1050,1210
2.8,4,24,53,Intel Core i5,1048,407,5,214,NVIDIA GTX 1050,829
4,4,30,135,Intel Core i3,1928,142,6,360,NVIDIA GTX 1060,667
2.8,3,19,137,AMD Ryzen 7,1837,139,7,332,NVIDIA GTX 1650,706
4.3,11,25,63,Intel Core i3,1101,314,10,125,AMD Radeon RX 580,1001
4.3,6,13,113,Intel Core i7,1147,500,3,321,NVIDIA GTX 1050,1556
4,6,10,119,Intel Core i7,1683,509,2,255,NVIDIA GTX 1050,1092
3.5,5,4,71,Intel Core i7,1213,132,11,112,NVIDIA GTX 1660,621
2.3,9,27,67,Intel Core i3,1542,260,7,255,AMD Radeon RX 570,1196
2.8,9,19,76,AMD Ryzen 7,1514,442,9,353,NVIDIA RTX 2060,1805
4.4,4,31,67,AMD Ryzen 5,1072,261,8,148,NVIDIA GTX 1050,1301
3.3,7,7,102,Intel Core i7,1355,362,7,159,AMD Radeon RX 580,1113
4,7,24,103,Intel Core i7,1636,333,7,326,NVIDIA RTX 2060,634
4.5,8,9,65,AMD Ryzen 3,1259,161,5,153,NVIDIA GTX 1050,1524
2.7,7,19,120,Intel Core i7,1018,361,7,259,NVIDIA GTX 1050,1190
3.9,12,16,127,Intel Core i7,1705,427,10,343,NVIDIA RTX 2060,1373
3.2,7,11,80,AMD Ryzen 3,1172,224,3,229,NVIDIA GTX 1050,723
3.9,8,22,71,Intel Core i3,1571,193,9,371,AMD Radeon RX 570,1732
2.7,4,19,87,Intel Core i7,1442,463,10,393,NVIDIA GTX 1660,1642
4.4,9,9,135,Intel Core i5,1122,429,9,128,NVIDIA RTX 2060,1433
2.6,11,8,121,AMD Ryzen 3,1581,449,7,359,NVIDIA RTX 2060,736
3.2,4,4,126,Intel Core i3,1160,487,5,169,AMD Radeon RX 580,1293
3.3,2,31,58,Intel Core i7,1861,361,12,231,NVIDIA GTX 1650,1334
3.1,6,19,104,AMD Ryzen 5,1059,381,5,387,AMD Radeon RX 570,1757
4,5,15,128,Intel Core i3,1372,398,9,159,NVIDIA GTX 1660,929
2.4,4,26,54,Intel Core i5,1516,277,6,364,NVIDIA GTX 1660,887
3.4,7,24,56,Intel Core i5,1641,347,6,359,NVIDIA RTX 2060,1263
4.3,10,32,112,Intel Core i7,1448,304,7,135,AMD Radeon RX 570,943
3.5,9,23,84,Intel Core i7,1052,432,6,397,NVIDIA GTX 1660,542
2.7,12,8,80,AMD Ryzen 3,1713,224,8,116,AMD Radeon RX 570,1541
4.5,6,30,84,AMD Ryzen 3,1851,251,4,262,AMD Radeon RX 580,806
3.5,2,20,102,Intel Core i5,1230,191,2,172,NVIDIA RTX 2060,1740
3.6,8,11,93,Intel Core i5,1423,211,3,393,AMD Radeon RX 570,1368
2.6,8,13,130,AMD Ryzen 7,1730,477,9,390,NVIDIA GTX 1660,1655
2.3,2,13,122,Intel Core i3,1208,379,6,180,NVIDIA GTX 1650,937
4.3,4,25,45,Intel Core i5,1289,330,10,267,NVIDIA GTX 1660,1968
2.8,4,29,118,Intel Core i3,1696,235,5,330,NVIDIA GTX 1060,1961
2.8,7,19,115,AMD Ryzen 3,1450,483,6,264,AMD Radeon RX 570,1467
2.3,9,8,65,Intel Core i3,1483,159,12,282,NVIDIA GTX 1060,861
3,10,12,114,AMD Ryzen 3,1057,175,7,322,NVIDIA GTX 1060,927
4.1,10,25,135,Intel Core i3,1232,414,8,124,NVIDIA GTX 1650,1081
3.7,4,14,109,Intel Core i5,1770,380,11,324,AMD Radeon RX 570,879
2.5,5,25,102,Intel Core i3,1788,174,3,350,NVIDIA RTX 2060,1205
2.1,6,17,104,Intel Core i5,1882,130,4,378,NVIDIA RTX 2060,1292
3.9,8,17,100,AMD Ryzen 7,1154,222,9,254,NVIDIA GTX 1060,832
3.7,5,30,138,Intel Core i7,1548,173,7,390,NVIDIA GTX 1060,1060
3.2,4,24,109,Intel Core i3,1902,208,2,314,NVIDIA GTX 1650,615
4.1,2,19,131,AMD Ryzen 7,1025,378,3,268,NVIDIA GTX 1050,1290
4.2,9,32,77,AMD Ryzen 5,1633,481,7,393,NVIDIA GTX 1050,1932
3.1,4,25,73,AMD Ryzen 3,1963,355,11,292,NVIDIA GTX 1650,1008
4,6,17,96,AMD Ryzen 7,1257,384,4,351,AMD Radeon RX 570,1141
3.1,3,8,67,Intel Core i7,1181,484,10,154,NVIDIA RTX 2060,1117
2.2,3,15,94,Intel Core i7,1872,272,7,394,NVIDIA GTX 1050,1286
2.5,3,12,111,Intel Core i3,1859,134,7,112,AMD Radeon RX 570,1031
2,4,10,77,AMD Ryzen 3,1423,270,3,240,NVIDIA GTX 1660,1093
2.1,8,25,90,AMD Ryzen 3,1373,244,5,123,NVIDIA RTX 2060,1584
2.2,11,30,46,AMD Ryzen 3,1415,369,6,108,NVIDIA GTX 1660,1815
3.5,7,28,55,Intel Core i5,1920,245,4,374,NVIDIA GTX 1050,1942
2.1,3,20,70,AMD Ryzen 3,1154,463,3,265,NVIDIA GTX 1060,1923
2.2,3,27,146,AMD Ryzen 7,1565,427,6,305,NVIDIA GTX 1050,1276
2,10,6,70,Intel Core i5,1076,204,12,317,NVIDIA RTX 2060,1469
2.7,9,4,143,AMD Ryzen 5,1350,239,10,241,NVIDIA GTX 1650,1306
2.9,8,24,132,Intel Core i5,1975,503,12,182,AMD Radeon RX 580,1392
3.8,9,19,104,AMD Ryzen 5,1927,299,5,167,AMD Radeon RX 570,1464
3.2,2,7,109,AMD Ryzen 5,1908,363,12,305,NVIDIA GTX 1050,532
2.5,6,21,128,AMD Ryzen 3,1584,471,5,370,NVIDIA GTX 1050,1463
2.4,8,26,90,Intel Core i7,1041,259,7,134,NVIDIA GTX 1060,1398
2.4,9,7,134,AMD Ryzen 3,1667,497,12,257,NVIDIA GTX 1650,1048
3.8,6,16,54,Intel Core i5,1886,370,4,126,NVIDIA GTX 1650,1065
2.5,6,8,62,AMD Ryzen 7,1116,189,3,338,NVIDIA GTX 1060,1267
4.5,9,7,68,AMD Ryzen 3,1045,265,6,135,AMD Radeon RX 580,1116
3.7,11,32,116,AMD Ryzen 3,1143,288,7,353,NVIDIA GTX 1050,1098
2.5,2,32,120,Intel Core i7,1814,447,5,228,NVIDIA GTX 1660,1866
3.8,7,14,148,Intel Core i3,1113,216,6,183,AMD Radeon RX 580,865
2.4,10,11,133,Intel Core i3,1160,326,3,274,NVIDIA GTX 1650,538
3.1,6,9,140,AMD Ryzen 3,1327,286,10,329,NVIDIA GTX 1050,530
2,10,30,146,AMD Ryzen 7,1401,318,8,307,AMD Radeon RX 570,1066
4.2,12,14,104,Intel Core i5,1786,436,10,144,AMD Radeon RX 570,776
3.6,9,32,51,Intel Core i3,1668,464,9,118,NVIDIA GTX 1650,1769
3.8,6,25,110,AMD Ryzen 3,1073,200,5,290,AMD Radeon RX 580,1741
4.4,7,4,87,Intel Core i7,1176,237,3,306,AMD Radeon RX 580,1699
2.8,6,5,65,AMD Ryzen 7,1012,255,6,120,NVIDIA RTX 2060,938
4.3,9,32,51,AMD Ryzen 3,1117,344,12,384,NVIDIA GTX 1060,1378
3.3,4,14,90,AMD Ryzen 7,1674,287,7,371,AMD Radeon RX 570,1468
2.4,9,18,116,Intel Core i3,1943,289,7,122,NVIDIA GTX 1650,1269
2.1,4,11,72,Intel Core i3,1333,206,3,232,NVIDIA RTX 2060,1886
3.2,11,12,115,AMD Ryzen 5,1226,320,6,111,NVIDIA GTX 1050,790
3.5,7,16,69,AMD Ryzen 5,1324,386,11,295,AMD Radeon RX 580,845
2.6,8,22,87,AMD Ryzen 5,1314,494,10,396,NVIDIA GTX 1050,1478
2.1,8,20,63,AMD Ryzen 5,1642,365,12,170,NVIDIA GTX 1060,1142
3.6,11,31,73,AMD Ryzen 5,1033,236,11,160,NVIDIA GTX 1060,1573
4.1,3,5,98,AMD Ryzen 3,1492,424,7,310,AMD Radeon RX 570,591
2.2,8,24,59,AMD Ryzen 7,1535,161,3,172,NVIDIA GTX 1050,1734
3.5,10,29,51,Intel Core i3,1334,447,12,171,NVIDIA GTX 1050,671
4.4,10,7,126,Intel Core i3,1488,420,12,395,NVIDIA GTX 1060,1034
2.8,4,24,121,AMD Ryzen 5,1199,287,10,145,NVIDIA RTX 2060,1063
2.4,3,24,120,AMD Ryzen 7,1991,359,4,130,NVIDIA GTX 1650,1411
2.6,7,27,89,Intel Core i7,1328,415,2,339,AMD Radeon RX 570,523
3.8,7,19,77,AMD Ryzen 5,1736,337,6,262,NVIDIA RTX 2060,1235
2.8,3,20,115,Intel Core i3,1803,162,7,193,AMD Radeon RX 570,1491
2.9,2,4,73,AMD Ryzen 7,1275,342,11,272,AMD Radeon RX 580,797
3.1,9,6,148,Intel Core i3,1509,290,12,270,AMD Radeon RX 570,800
2.7,5,30,150,Intel Core i5,1151,252,7,110,NVIDIA GTX 1650,1364
2.4,9,12,86,Intel Core i3,1764,259,3,193,NVIDIA RTX 2060,1449
3.6,5,26,121,AMD Ryzen 5,1964,355,5,225,NVIDIA RTX 2060,1562
2.8,2,30,45,Intel Core i7,1296,483,11,102,NVIDIA RTX 2060,1790
3.3,2,24,96,Intel Core i7,1886,474,9,200,NVIDIA GTX 1050,951
2.1,3,18,52,Intel Core i5,1609,237,8,181,NVIDIA GTX 1660,1042
3.6,12,26,96,AMD Ryzen 3,1379,311,5,397,AMD Radeon RX 570,840
2.9,10,17,92,AMD Ryzen 7,1495,145,3,295,NVIDIA GTX 1660,1454
3.1,3,32,125,AMD Ryzen 3,1683,186,5,167,NVIDIA GTX 1050,1016
2,3,6,53,Intel Core i7,1254,234,4,102,NVIDIA GTX 1060,1728
3.3,7,26,144,AMD Ryzen 3,1761,293,6,154,NVIDIA GTX 1060,628
3,2,29,145,Intel Core i5,1537,232,11,104,NVIDIA GTX 1050,987
4,2,10,78,AMD Ryzen 3,1293,210,9,222,AMD Radeon RX 570,1888
3.3,3,21,60,AMD Ryzen 3,1170,316,4,153,NVIDIA GTX 1050,1371
3.2,4,4,58,Intel Core i7,1299,275,10,294,AMD Radeon RX 570,1346
4.2,9,15,138,AMD Ryzen 3,1877,316,12,313,AMD Radeon RX 570,1290
3.8,7,9,92,AMD Ryzen 7,1689,274,5,164,AMD Radeon RX 570,786
3.9,4,29,123,AMD Ryzen 7,1559,148,7,372,NVIDIA GTX 1050,1813
2.8,6,32,149,Intel Core i7,1305,396,5,357,NVIDIA GTX 1060,757
2.9,5,32,111,AMD Ryzen 3,1101,218,7,382,NVIDIA GTX 1050,1460
4.2,3,4,81,Intel Core i3,1548,436,12,355,NVIDIA GTX 1060,622
3,10,19,62,Intel Core i7,1947,440,10,186,NVIDIA GTX 1660,1987
4.1,9,10,85,Intel Core i3,1712,365,10,189,NVIDIA GTX 1050,1228
3,7,17,53,Intel Core i7,1928,320,7,354,NVIDIA RTX 2060,1327
2.7,7,17,64,AMD Ryzen 7,1093,420,4,174,NVIDIA GTX 1060,520
3.5,4,7,69,AMD Ryzen 3,1006,192,9,330,AMD Radeon RX 580,773
2,3,8,121,AMD Ryzen 7,1572,166,7,213,NVIDIA GTX 1650,831
3.6,9,7,111,AMD Ryzen 3,1307,289,3,344,NVIDIA GTX 1060,1816
3.5,4,28,79,AMD Ryzen 3,1434,195,8,373,NVIDIA GTX 1050,1403
3.7,11,23,112,Intel Core i3,1585,302,2,259,NVIDIA GTX 1060,548
3.9,7,8,135,AMD Ryzen 5,1147,407,7,180,NVIDIA GTX 1650,573
2,8,21,84,Intel Core i5,1561,190,3,378,NVIDIA GTX 1660,1425
4,7,24,81,AMD Ryzen 5,1214,147,3,249,NVIDIA GTX 1660,1571
2.1,6,13,125,Intel Core i5,1202,452,10,183,AMD Radeon RX 570,1598
3.9,2,23,128,Intel Core i7,1194,448,7,267,NVIDIA GTX 1060,988
2.8,10,20,79,Intel Core i5,1072,153,4,166,AMD Radeon RX 570,1395
2,9,31,80,AMD Ryzen 7,1593,317,11,362,NVIDIA GTX 1660,1313
4.1,11,30,56,AMD Ryzen 7,1258,188,2,189,NVIDIA GTX 1660,521
4.3,11,8,149,Intel Core i7,1481,477,12,318,NVIDIA RTX 2060,1552
2.8,9,17,92,AMD Ryzen 5,1746,417,12,123,AMD Radeon RX 570,670
4.2,10,9,74,Intel Core i7,1164,342,5,203,NVIDIA GTX 1060,1132
2.5,2,31,47,AMD Ryzen 7,1306,328,7,244,NVIDIA GTX 1650,698
2.8,6,29,55,AMD Ryzen 3,1053,174,10,122,NVIDIA GTX 1650,1099
2.9,7,17,63,AMD Ryzen 3,1894,197,5,387,AMD Radeon RX 580,1851
2,6,32,148,Intel Core i3,1414,378,6,358,AMD Radeon RX 580,1369
3.9,12,10,143,Intel Core i5,1431,459,7,255,NVIDIA RTX 2060,1975
4.2,7,30,71,AMD Ryzen 3,1667,234,12,194,NVIDIA RTX 2060,708
2.4,4,4,71,Intel Core i3,1008,337,8,212,NVIDIA GTX 1650,1649
2.2,8,22,99,AMD Ryzen 3,1323,492,6,197,NVIDIA GTX 1650,1566
4.5,2,7,128,AMD Ryzen 5,1379,458,3,218,NVIDIA GTX 1660,1996
3.7,5,25,124,AMD Ryzen 5,1109,431,3,321,NVIDIA RTX 2060,1793
3,5,18,102,AMD Ryzen 5,1353,478,7,251,NVIDIA RTX 2060,1271
4.3,7,5,127,Intel Core i5,1432,152,3,289,NVIDIA GTX 1050,1789
4.2,9,17,116,Intel Core i7,1575,465,7,308,AMD Radeon RX 580,696
4.3,10,20,87,Intel Core i7,1385,175,10,350,AMD Radeon RX 570,1834
2.1,3,19,77,AMD Ryzen 7,1912,507,7,355,NVIDIA GTX 1050,1201
2.7,2,9,99,Intel Core i5,1216,217,11,140,AMD Radeon RX 570,684
4.2,10,14,116,AMD Ryzen 3,1737,429,6,289,NVIDIA GTX 1650,728
4.4,3,12,48,AMD Ryzen 5,1236,327,9,352,AMD Radeon RX 570,1525
4.2,3,6,45,AMD Ryzen 5,1711,186,12,155,NVIDIA RTX 2060,1467
3.4,10,10,81,Intel Core i7,1544,135,11,140,AMD Radeon RX 580,1188
3.7,9,21,75,Intel Core i3,1182,386,3,274,NVIDIA GTX 1660,1760
3.7,10,22,104,Intel Core i7,1380,234,4,181,NVIDIA GTX 1050,1156
4.4,8,19,67,Intel Core i3,1387,418,4,270,AMD Radeon RX 580,1557
2.1,7,7,110,AMD Ryzen 5,1450,420,8,298,NVIDIA RTX 2060,1415
2.6,7,12,61,Intel Core i7,1335,487,3,161,NVIDIA GTX 1050,970
3.4,11,16,107,AMD Ryzen 5,1432,479,4,393,AMD Radeon RX 580,689
2.8,2,8,81,Intel Core i5,1011,403,12,283,AMD Radeon RX 580,523
3.2,6,30,104,Intel Core i5,1914,448,6,150,NVIDIA GTX 1660,1661
2.2,12,24,90,Intel Core i5,1695,147,4,301,NVIDIA GTX 1650,786
3.1,8,18,84,AMD Ryzen 3,1730,435,5,263,NVIDIA GTX 1060,911
2.3,2,19,131,Intel Core i7,1461,242,5,267,AMD Radeon RX 580,1339
2.4,7,24,59,Intel Core i5,1903,425,4,255,NVIDIA GTX 1060,527
3.8,7,21,59,AMD Ryzen 7,1860,375,5,280,NVIDIA GTX 1050,546
3.2,3,14,97,Intel Core i3,1694,406,3,333,AMD Radeon RX 580,1821
4.3,4,29,59,Intel Core i5,1439,423,4,119,NVIDIA GTX 1060,1431
2.9,5,11,104,AMD Ryzen 7,1206,382,10,218,AMD Radeon RX 570,585
2.2,11,7,96,Intel Core i3,1497,236,7,182,AMD Radeon RX 570,665
2.6,7,21,80,AMD Ryzen 5,1720,230,3,400,AMD Radeon RX 580,1174
3.3,9,15,116,Intel Core i7,1412,297,8,298,NVIDIA GTX 1650,1558
3.9,7,32,87,AMD Ryzen 3,1314,139,7,380,NVIDIA RTX 2060,1933
3.3,12,31,134,AMD Ryzen 3,1219,313,9,357,AMD Radeon RX 580,648
2.8,7,13,109,AMD Ryzen 3,1556,460,7,380,AMD Radeon RX 570,680
2.8,8,19,64,AMD Ryzen 3,1683,230,6,126,NVIDIA RTX 2060,953
3.5,12,14,142,Intel Core i5,1327,412,10,334,NVIDIA GTX 1060,1041
3,3,12,57,AMD Ryzen 5,1565,501,6,162,AMD Radeon RX 570,538
2.5,2,4,83,AMD Ryzen 7,1119,373,2,298,NVIDIA RTX 2060,1955
2.9,6,25,149,AMD Ryzen 7,1187,385,4,197,NVIDIA RTX 2060,1111
2.6,7,19,77,Intel Core i7,1957,387,4,365,AMD Radeon RX 580,1501
4.5,2,25,106,AMD Ryzen 5,1331,403,6,189,NVIDIA GTX 1660,541
3.7,7,26,54,AMD Ryzen 3,1913,295,3,385,AMD Radeon RX 580,1054
4,8,25,50,AMD Ryzen 7,1405,465,7,386,NVIDIA GTX 1650,1603
3.4,2,14,97,Intel Core i7,1190,304,8,264,NVIDIA GTX 1660,1745
2.6,7,30,125,Intel Core i5,1297,323,8,370,NVIDIA GTX 1650,717
2.2,7,21,133,Intel Core i7,1224,238,2,118,NVIDIA RTX 2060,1002
4.4,8,20,65,Intel Core i7,1807,431,6,170,AMD Radeon RX 580,1694
3.7,12,9,111,Intel Core i5,1752,192,7,243,NVIDIA RTX 2060,1493
3,2,24,128,Intel Core i5,1477,249,2,158,AMD Radeon RX 580,1709
4,8,27,78,Intel Core i7,1151,225,5,215,AMD Radeon RX 580,1373
2,7,22,74,Intel Core i3,1685,186,3,380,NVIDIA RTX 2060,1640
3.8,8,23,116,AMD Ryzen 5,1682,502,12,399,NVIDIA GTX 1650,1240
2.7,7,15,120,AMD Ryzen 5,1768,429,4,169,AMD Radeon RX 580,1017
3.2,7,20,125,AMD Ryzen 3,1297,185,3,222,NVIDIA GTX 1050,606
2.2,6,22,101,Intel Core i7,1512,224,10,104,AMD Radeon RX 580,1565
2.8,9,18,122,AMD Ryzen 3,1629,357,4,199,AMD Radeon RX 580,1589
2.9,4,20,76,AMD Ryzen 5,1901,408,12,140,NVIDIA GTX 1060,1556
2.8,2,29,145,AMD Ryzen 5,1373,474,10,359,AMD Radeon RX 580,1065
2.1,8,19,46,AMD Ryzen 5,1195,228,12,192,NVIDIA GTX 1050,1569
2.6,2,15,65,Intel Core i7,1028,268,3,261,NVIDIA GTX 1660,587
4,7,26,93,Intel Core i5,1117,258,4,346,NVIDIA GTX 1650,1366
2.3,10,8,70,AMD Ryzen 3,1454,342,4,129,AMD Radeon RX 570,1474
3.1,5,25,73,AMD Ryzen 5,1677,487,9,387,NVIDIA GTX 1650,1984
3.7,8,24,76,AMD Ryzen 5,1705,461,2,117,NVIDIA GTX 1650,629
2.9,11,17,70,AMD Ryzen 3,1768,393,7,369,NVIDIA GTX 1650,1438
2.3,11,17,46,AMD Ryzen 5,1899,132,3,168,NVIDIA RTX 2060,1708
3,8,13,135,Intel Core i7,1404,176,10,350,NVIDIA GTX 1650,571
4.2,11,4,48,Intel Core i7,1216,315,12,364,AMD Radeon RX 570,1217
3.7,7,23,125,Intel Core i7,1962,448,7,380,NVIDIA GTX 1660,1492
3.6,8,8,125,Intel Core i3,1782,179,5,137,NVIDIA GTX 1060,1743
2.9,6,12,58,Intel Core i5,1144,177,5,181,AMD Radeon RX 580,1670
3.7,7,5,146,Intel Core i5,1304,465,3,179,NVIDIA GTX 1050,1721
2.2,8,25,105,AMD Ryzen 7,1627,308,5,136,NVIDIA GTX 1050,1647
3.3,11,16,126,Intel Core i5,1959,347,5,285,NVIDIA GTX 1050,1160
2.6,7,7,141,AMD Ryzen 3,1687,442,8,202,NVIDIA RTX 2060,537
4,9,7,148,AMD Ryzen 5,1551,399,7,365,NVIDIA GTX 1050,656
2.6,12,28,50,AMD Ryzen 5,1414,343,4,187,NVIDIA GTX 1660,1596
2.2,3,5,50,AMD Ryzen 7,1601,241,9,103,NVIDIA GTX 1060,1033
3,11,24,91,Intel Core i3,1238,148,3,301,NVIDIA GTX 1650,756
2,6,11,79,AMD Ryzen 7,1249,242,11,320,AMD Radeon RX 570,1495
2.8,3,6,119,AMD Ryzen 3,1778,182,2,391,AMD Radeon RX 580,516
3.9,10,16,73,Intel Core i7,1000,131,5,344,NVIDIA GTX 1060,994
2.2,7,21,50,AMD Ryzen 5,1699,132,11,147,NVIDIA GTX 1050,1545
2.9,5,31,53,Intel Core i5,1585,212,7,234,AMD Radeon RX 580,1057
3.5,12,12,117,Intel Core i7,1875,224,3,358,NVIDIA RTX 2060,1530
4.1,11,29,113,Intel Core i5,1139,383,12,116,NVIDIA GTX 1650,1597
3.3,6,21,93,AMD Ryzen 3,1504,316,4,291,AMD Radeon RX 570,1602
2,8,16,143,Intel Core i3,1311,191,10,154,NVIDIA GTX 1650,1708
3,6,18,118,AMD Ryzen 5,1846,316,8,399,NVIDIA GTX 1050,1887
2.4,6,5,63,Intel Core i7,1384,456,4,318,NVIDIA GTX 1050,1722
4.1,10,11,67,Intel Core i5,1940,210,8,380,NVIDIA GTX 1650,1641
2.1,10,26,118,Intel Core i3,1516,364,9,281,AMD Radeon RX 580,1330
3.9,6,26,45,Intel Core i3,1652,512,8,167,NVIDIA GTX 1660,1056
2.7,11,27,66,Intel Core i7,1802,465,10,166,AMD Radeon RX 570,1777
2.2,2,30,109,Intel Core i5,1505,162,3,175,NVIDIA GTX 1060,1723
4,6,32,91,AMD Ryzen 3,1412,173,7,370,NVIDIA GTX 1050,1143
4.4,4,12,90,Intel Core i3,1601,152,6,172,NVIDIA GTX 1660,1835
3.6,3,9,52,Intel Core i3,1205,499,4,367,AMD Radeon RX 570,1431
2.9,3,29,147,Intel Core i3,1212,504,11,226,NVIDIA GTX 1650,1800
3.9,5,7,110,AMD Ryzen 5,1507,221,2,119,AMD Radeon RX 580,773
3.6,9,30,146,AMD Ryzen 5,1504,369,6,209,NVIDIA GTX 1050,1876
4,12,7,111,Intel Core i7,1102,443,6,123,NVIDIA GTX 1060,1627
3,7,4,139,AMD Ryzen 7,1999,465,8,253,NVIDIA GTX 1060,1349
3.3,6,8,48,Intel Core i5,1826,370,8,306,NVIDIA RTX 2060,1536
4.2,7,10,95,AMD Ryzen 5,1830,361,8,346,AMD Radeon RX 580,517
2.4,11,28,129,AMD Ryzen 3,1440,250,10,141,NVIDIA GTX 1650,1208
2.6,3,29,99,Intel Core i3,1101,147,5,143,NVIDIA GTX 1060,1623
2.7,4,19,103,Intel Core i7,1969,433,7,120,NVIDIA RTX 2060,1574
2.2,10,25,128,AMD Ryzen 5,1692,501,12,195,NVIDIA GTX 1060,1540
2.2,3,30,68,Intel Core i5,1513,230,6,124,NVIDIA GTX 1660,1006
3.5,4,20,95,AMD Ryzen 3,1600,340,9,272,AMD Radeon RX 570,1782
3,2,17,86,Intel Core i3,1490,490,9,192,NVIDIA RTX 2060,1926
3.5,5,30,127,Intel Core i5,1702,247,5,260,NVIDIA GTX 1650,1187
4.3,2,19,137,AMD Ryzen 7,1745,384,11,320,AMD Radeon RX 580,593
4.2,7,7,56,Intel Core i3,1764,239,10,393,AMD Radeon RX 570,1634
2.3,6,28,122,Intel Core i5,1413,136,10,239,NVIDIA GTX 1060,1110
2.4,12,31,45,Intel Core i7,1467,369,8,388,AMD Radeon RX 570,826
4.2,12,17,65,AMD Ryzen 7,1135,348,8,185,AMD Radeon RX 580,574
3.1,11,25,123,AMD Ryzen 7,1256,162,10,117,NVIDIA GTX 1060,600
3.1,9,8,141,AMD Ryzen 3,1324,373,7,394,NVIDIA GTX 1050,1596
3.7,7,10,110,AMD Ryzen 7,1317,499,7,134,AMD Radeon RX 570,576
4.1,9,22,148,Intel Core i3,1075,443,3,305,NVIDIA RTX 2060,975
3.9,3,10,100,AMD Ryzen 7,1398,326,3,284,AMD Radeon RX 570,1935
2.5,3,31,76,Intel Core i5,1976,271,2,363,NVIDIA GTX 1060,862
3.8,11,13,111,AMD Ryzen 5,1002,256,5,206,NVIDIA GTX 1660,1731
2.1,6,14,113,AMD Ryzen 5,1029,364,3,295,AMD Radeon RX 580,950
4.3,11,4,135,AMD Ryzen 7,1128,392,9,123,NVIDIA GTX 1650,1378
2.1,3,11,46,Intel Core i3,1330,400,10,151,NVIDIA GTX 1050,856
3.6,4,5,84,Intel Core i3,1567,282,5,297,AMD Radeon RX 580,1045
2.1,8,12,51,Intel Core i5,1748,156,8,194,NVIDIA GTX 1050,1101
2.7,5,14,77,Intel Core i3,1577,311,12,245,NVIDIA GTX 1060,759
3.7,9,31,109,AMD Ryzen 7,1857,452,5,147,NVIDIA GTX 1050,954
3.9,2,5,108,AMD Ryzen 5,1089,261,6,262,NVIDIA RTX 2060,651
2,3,18,50,AMD Ryzen 7,1030,234,4,366,NVIDIA GTX 1660,1408
3.2,7,6,147,Intel Core i7,1134,179,9,102,NVIDIA GTX 1660,1826
2.1,6,13,111,AMD Ryzen 7,1220,352,12,317,AMD Radeon RX 570,1209
4.1,2,10,94,AMD Ryzen 7,1821,385,12,220,AMD Radeon RX 570,1693
3.8,11,27,102,Intel Core i3,1061,470,6,292,NVIDIA RTX 2060,1972
3.5,11,31,49,AMD Ryzen 5,1905,450,8,165,NVIDIA GTX 1650,718
2.6,3,28,62,AMD Ryzen 7,1410,218,4,385,NVIDIA GTX 1650,617
3.2,10,21,134,Intel Core i5,1500,446,5,334,NVIDIA GTX 1660,1138
3.6,5,9,116,AMD Ryzen 3,1506,319,5,320,NVIDIA GTX 1050,1593
3.8,10,13,121,Intel Core i3,1456,133,5,123,AMD Radeon RX 570,1880
3.2,6,23,134,Intel Core i5,1367,466,7,208,NVIDIA GTX 1650,679
4.2,10,26,46,AMD Ryzen 7,1209,275,7,252,NVIDIA GTX 1050,1672
4.4,10,17,129,Intel Core i3,1550,279,4,245,NVIDIA GTX 1660,988
3.9,11,4,97,Intel Core i7,1329,443,6,363,NVIDIA RTX 2060,1325
3.4,11,13,52,AMD Ryzen 5,1572,213,12,230,AMD Radeon RX 580,1057
4.1,9,21,59,Intel Core i5,1796,366,2,210,NVIDIA RTX 2060,597
2.6,2,4,81,Intel Core i7,1893,413,3,339,AMD Radeon RX 580,1102
2.1,9,28,140,Intel Core i7,1625,473,2,134,AMD Radeon RX 580,1874
4,6,31,136,AMD Ryzen 3,1072,161,7,190,NVIDIA GTX 1660,714
4.3,3,5,122,Intel Core i7,1435,504,8,150,NVIDIA RTX 2060,1324
2.7,9,11,130,AMD Ryzen 7,1711,468,11,187,AMD Radeon RX 570,770
2.9,10,6,108,Intel Core i7,1851,232,7,218,AMD Radeon RX 570,1220
2.1,10,27,116,AMD Ryzen 3,1384,412,3,156,NVIDIA GTX 1060,1236
2,4,13,114,Intel Core i5,1435,167,3,103,NVIDIA GTX 1060,1976
4.3,3,11,49,Intel Core i7,1374,177,9,200,NVIDIA RTX 2060,1426
2.9,11,21,89,AMD Ryzen 3,1285,493,10,395,AMD Radeon RX 570,1799
3.8,8,28,82,Intel Core i5,1314,260,11,168,NVIDIA GTX 1660,1610
3.5,8,19,132,AMD Ryzen 7,1726,265,5,352,NVIDIA GTX 1050,1555
4.4,4,29,102,Intel Core i5,1160,274,12,262,NVIDIA GTX 1650,651
2.8,8,25,75,Intel Core i3,1481,448,5,371,NVIDIA GTX 1050,673
2.7,5,7,58,Intel Core i3,1937,202,2,133,NVIDIA GTX 1060,891
2.1,7,20,59,AMD Ryzen 7,1085,217,10,323,NVIDIA GTX 1050,1121
3.1,11,8,65,Intel Core i5,1963,208,9,189,NVIDIA GTX 1060,1452
3.4,9,18,136,AMD Ryzen 3,1903,208,10,108,AMD Radeon RX 580,1605
2.3,6,5,123,Intel Core i5,1800,468,6,273,NVIDIA GTX 1050,710
3.2,3,9,62,AMD Ryzen 5,1117,300,5,298,NVIDIA GTX 1060,695
3.5,3,14,144,Intel Core i3,1678,341,12,101,AMD Radeon RX 580,832
4.4,6,20,77,Intel Core i3,1697,420,11,118,NVIDIA GTX 1650,1779
2.4,9,17,58,AMD Ryzen 3,1547,163,5,324,NVIDIA RTX 2060,1730
2.9,3,17,47,AMD Ryzen 7,1848,399,10,156,NVIDIA RTX 2060,1299
2.1,9,15,71,AMD Ryzen 7,1529,502,9,281,NVIDIA GTX 1060,1517
3.8,7,11,79,AMD Ryzen 3,1098,222,4,382,NVIDIA GTX 1060,1543
2.9,5,7,77,AMD Ryzen 5,1632,130,12,171,NVIDIA GTX 1050,1757
2.8,3,15,113,Intel Core i5,1138,468,3,271,NVIDIA GTX 1060,1010
4.4,5,8,135,Intel Core i7,1539,446,7,172,AMD Radeon RX 570,1355
3,3,32,138,Intel Core i5,1425,455,9,328,NVIDIA GTX 1650,988
2,7,32,60,AMD Ryzen 5,1250,284,7,196,NVIDIA GTX 1660,1449
4.5,9,18,91,Intel Core i3,1064,368,7,318,NVIDIA RTX 2060,1410
2.4,7,16,104,Intel Core i7,1661,419,8,361,AMD Radeon RX 570,664
4.1,2,24,53,AMD Ryzen 7,1553,439,9,286,NVIDIA GTX 1060,1606
3.9,4,9,138,AMD Ryzen 5,1493,385,12,300,NVIDIA GTX 1050,1923
3.5,2,10,84,AMD Ryzen 3,1907,345,12,148,AMD Radeon RX 570,1057
3.9,6,7,82,Intel Core i3,1985,147,4,102,NVIDIA GTX 1050,1015
3.2,12,14,54,AMD Ryzen 7,1580,507,3,142,AMD Radeon RX 580,582
2.4,10,22,112,AMD Ryzen 5,1046,345,3,111,AMD Radeon RX 580,1376
3.8,12,5,47,AMD Ryzen 3,1258,254,11,355,NVIDIA GTX 1650,1345
2.9,12,18,77,AMD Ryzen 3,1924,294,9,375,NVIDIA RTX 2060,1487
2.9,2,32,56,AMD Ryzen 3,1317,232,5,201,NVIDIA GTX 1660,1873
3.6,9,26,94,Intel Core i5,1090,274,9,118,NVIDIA GTX 1060,624
3.5,5,21,94,AMD Ryzen 7,1273,370,8,247,NVIDIA RTX 2060,665
3.7,7,12,55,AMD Ryzen 5,1902,339,5,170,NVIDIA GTX 1060,1095
2.3,6,5,93,Intel Core i3,1929,353,2,321,NVIDIA GTX 1650,1716
3.7,10,16,130,AMD Ryzen 7,1456,171,4,268,NVIDIA GTX 1650,1514
3.4,10,6,139,Intel Core i7,1063,317,7,101,NVIDIA GTX 1660,1433
3.4,3,26,139,AMD Ryzen 5,1505,244,11,177,NVIDIA GTX 1050,1037
2.7,9,8,58,Intel Core i5,1773,339,12,382,AMD Radeon RX 570,1556
4.3,10,18,121,AMD Ryzen 3,1300,402,5,221,NVIDIA GTX 1060,522
2.7,12,32,74,Intel Core i5,1832,321,11,274,NVIDIA GTX 1650,1583
2.3,2,22,77,AMD Ryzen 5,1469,135,5,228,AMD Radeon RX 570,739
2.1,12,30,47,Intel Core i7,1631,233,2,100,NVIDIA GTX 1060,523
3.9,12,14,67,AMD Ryzen 3,1845,283,8,152,NVIDIA GTX 1650,1090
2.6,7,10,118,AMD Ryzen 7,1271,295,5,332,NVIDIA GTX 1650,757
3.6,10,19,141,AMD Ryzen 7,1666,295,9,103,NVIDIA GTX 1050,983
3.3,5,18,102,AMD Ryzen 7,1682,348,3,322,NVIDIA GTX 1650,1969
3.4,11,8,141,Intel Core i5,1105,389,10,212,AMD Radeon RX 580,1281
2.3,8,4,61,Intel Core i7,1762,148,4,311,NVIDIA GTX 1060,1856
2.8,3,15,115,Intel Core i5,1554,454,6,291,AMD Radeon RX 580,1102
4.2,7,9,94,AMD Ryzen 5,1116,241,6,224,NVIDIA RTX 2060,1648
2.9,3,31,96,Intel Core i5,1628,220,10,260,NVIDIA GTX 1050,772
4.2,9,16,59,AMD Ryzen 5,1880,336,5,276,NVIDIA RTX 2060,1923
4.5,3,5,55,Intel Core i7,1405,466,2,187,NVIDIA GTX 1650,1583
2.5,6,5,69,Intel Core i5,1606,452,6,123,NVIDIA GTX 1060,1936
4.1,12,4,146,Intel Core i3,1705,325,4,230,AMD Radeon RX 570,698
3.6,7,14,109,Intel Core i5,1637,358,8,286,NVIDIA GTX 1060,1233
3.4,11,16,110,AMD Ryzen 5,1676,286,8,196,NVIDIA GTX 1060,1403
2.2,5,24,67,Intel Core i3,1181,284,12,122,NVIDIA GTX 1060,1971
2.6,11,4,55,AMD Ryzen 3,1523,179,8,168,NVIDIA GTX 1060,1204
2.3,5,6,89,AMD Ryzen 3,1738,482,12,360,AMD Radeon RX 580,1980
2.1,5,14,105,AMD Ryzen 3,1989,266,9,125,AMD Radeon RX 580,1502
3.3,10,29,80,Intel Core i3,1308,246,4,107,NVIDIA GTX 1060,1042
3.6,4,28,118,Intel Core i7,1593,194,2,359,NVIDIA GTX 1660,1506
4.1,3,7,98,Intel Core i7,1733,281,5,317,AMD Radeon RX 570,1028
2.6,7,17,63,AMD Ryzen 3,1627,498,7,100,NVIDIA GTX 1650,1172
3.5,5,19,69,AMD Ryzen 5,1983,290,10,302,NVIDIA RTX 2060,1168
4.4,6,13,148,AMD Ryzen 7,1502,283,9,274,NVIDIA GTX 1660,917
2.9,9,7,94,Intel Core i5,1079,252,3,233,NVIDIA GTX 1650,522
2.9,10,25,121,AMD Ryzen 7,1328,410,6,104,AMD Radeon RX 570,867
4.1,11,29,97,AMD Ryzen 7,1084,445,8,153,NVIDIA GTX 1050,1420
4,11,16,134,Intel Core i5,1229,457,8,155,NVIDIA GTX 1650,1516
2.2,11,29,84,AMD Ryzen 3,1116,147,3,171,NVIDIA GTX 1050,1911
2.7,11,8,136,Intel Core i7,1569,428,3,178,AMD Radeon RX 570,1195
3.4,6,30,141,Intel Core i3,1540,235,4,358,NVIDIA GTX 1060,782
4.1,9,4,120,Intel Core i3,1515,490,11,101,AMD Radeon RX 570,950
3.4,7,22,116,Intel Core i5,1070,203,7,218,AMD Radeon RX 580,1661
3.4,10,10,50,AMD Ryzen 3,1815,325,10,366,NVIDIA GTX 1050,1256
4.1,6,12,124,AMD Ryzen 5,1360,443,9,113,NVIDIA GTX 1050,1284
3,11,9,107,Intel Core i7,1314,504,4,143,AMD Radeon RX 580,1066
2.3,12,20,134,Intel Core i3,1542,144,2,389,NVIDIA GTX 1650,990
3,11,5,53,Intel Core i7,1405,442,8,317,NVIDIA GTX 1060,1196
2,5,20,59,AMD Ryzen 7,1965,383,2,336,AMD Radeon RX 580,1754
3.8,4,23,138,Intel Core i7,1899,273,4,279,AMD Radeon RX 570,543
3.8,10,32,45,AMD Ryzen 3,1772,201,4,358,NVIDIA GTX 1650,1703
2.8,9,17,60,Intel Core i3,1278,150,11,114,NVIDIA GTX 1650,1350
4,3,29,106,AMD Ryzen 7,1965,485,5,137,NVIDIA RTX 2060,519
4.2,3,14,138,AMD Ryzen 7,1170,500,11,109,NVIDIA GTX 1650,1994
2.4,11,7,60,Intel Core i7,1217,375,7,209,AMD Radeon RX 580,1122
2.8,7,27,88,AMD Ryzen 7,1136,443,9,260,AMD Radeon RX 570,1522
3.1,4,32,119,Intel Core i5,1597,344,2,326,NVIDIA GTX 1650,1432
3.3,11,23,140,Intel Core i7,1462,194,7,201,NVIDIA GTX 1060,1626
2.2,4,30,94,Intel Core i5,1842,365,8,114,AMD Radeon RX 580,1121
2.9,9,21,66,AMD Ryzen 5,1286,242,8,294,NVIDIA GTX 1660,549
4,2,10,91,Intel Core i3,1766,447,9,338,NVIDIA GTX 1050,1738
2.5,12,15,138,AMD Ryzen 7,1396,174,5,306,NVIDIA GTX 1660,1032
3.1,5,30,138,Intel Core i7,1128,205,8,347,NVIDIA RTX 2060,1303
3.1,4,11,45,AMD Ryzen 3,1415,266,4,218,NVIDIA GTX 1060,1724
3,8,21,132,AMD Ryzen 7,1918,382,9,139,NVIDIA GTX 1060,1062
4.1,6,26,143,AMD Ryzen 5,1321,483,12,379,NVIDIA GTX 1050,1818
2.8,11,12,78,AMD Ryzen 3,1091,162,2,281,AMD Radeon RX 570,514
2.9,4,27,104,AMD Ryzen 5,1372,393,12,235,NVIDIA GTX 1050,793
3,10,25,113,AMD Ryzen 7,1391,150,9,170,NVIDIA GTX 1060,1307
2.3,11,21,75,AMD Ryzen 7,1874,393,6,371,NVIDIA RTX 2060,732
2.2,7,13,127,AMD Ryzen 7,1155,287,3,224,NVIDIA GTX 1050,546
2.6,11,17,116,Intel Core i3,1536,363,9,208,NVIDIA GTX 1050,1012
4,8,8,96,Intel Core i5,1708,452,5,194,NVIDIA GTX 1650,1869
3.3,2,23,45,Intel Core i3,1779,180,12,353,NVIDIA GTX 1050,526
2.1,6,8,142,Intel Core i3,1535,498,2,251,NVIDIA GTX 1660,933
2.8,12,4,148,AMD Ryzen 7,1363,423,2,165,NVIDIA GTX 1650,1193
3.9,12,27,45,Intel Core i5,1274,238,8,279,NVIDIA GTX 1050,635
2.4,6,29,123,Intel Core i3,1126,373,7,246,NVIDIA GTX 1660,1569
2.4,2,4,57,Intel Core i3,1039,257,10,231,NVIDIA GTX 1660,1245
2,3,8,77,Intel Core i3,1635,351,11,154,NVIDIA GTX 1660,1912
3.5,5,17,106,Intel Core i5,1141,246,9,192,NVIDIA GTX 1660,1009
3,12,8,45,AMD Ryzen 3,1407,204,2,267,NVIDIA GTX 1650,662
3.2,6,26,129,Intel Core i7,1483,475,11,355,NVIDIA GTX 1060,1659
2.9,11,26,97,AMD Ryzen 5,1878,347,7,272,NVIDIA RTX 2060,1785
3,5,20,46,Intel Core i5,1653,405,6,133,NVIDIA RTX 2060,927
3.6,6,27,83,AMD Ryzen 3,1914,358,10,382,NVIDIA GTX 1060,667
2.8,6,25,79,AMD Ryzen 3,1056,219,5,121,NVIDIA GTX 1060,676
3.2,2,9,131,Intel Core i5,1881,379,8,376,NVIDIA GTX 1650,1947
4,7,10,129,AMD Ryzen 5,1506,195,10,314,NVIDIA GTX 1050,1102
4.1,8,18,84,Intel Core i3,1170,469,6,106,AMD Radeon RX 570,971
3,5,11,76,Intel Core i3,1012,417,2,333,NVIDIA RTX 2060,1057
4.1,3,30,69,AMD Ryzen 3,1498,155,8,302,AMD Radeon RX 580,982
2.8,5,29,56,AMD Ryzen 7,1085,297,4,348,NVIDIA RTX 2060,1869
4.2,7,22,135,Intel Core i5,1388,508,8,329,AMD Radeon RX 580,971
3.3,6,19,148,AMD Ryzen 7,1824,143,8,295,NVIDIA GTX 1050,528
3.9,4,5,45,AMD Ryzen 3,1808,375,9,231,NVIDIA GTX 1060,556
4.2,11,4,107,Intel Core i3,1390,251,5,104,NVIDIA GTX 1050,1979
4,2,4,119,Intel Core i5,1088,371,9,398,AMD Radeon RX 570,1901
2.5,6,15,148,Intel Core i7,1785,154,12,245,NVIDIA GTX 1650,1502
3.2,11,13,133,Intel Core i5,1910,282,8,396,AMD Radeon RX 570,1619
4.4,4,17,75,AMD Ryzen 7,1940,464,7,245,NVIDIA GTX 1650,1075
3.6,8,20,116,Intel Core i3,1998,147,2,102,AMD Radeon RX 570,1708
3.8,7,28,119,Intel Core i3,1278,477,11,272,NVIDIA GTX 1050,909
2.7,11,19,148,Intel Core i3,1289,160,8,279,NVIDIA RTX 2060,1011
2.4,8,8,119,Intel Core i7,1000,205,12,332,NVIDIA GTX 1650,1479
2.7,12,32,74,AMD Ryzen 3,1043,453,6,156,NVIDIA GTX 1060,788
4.2,12,31,74,AMD Ryzen 3,1160,381,2,385,AMD Radeon RX 570,1093
2.5,6,15,80,Intel Core i3,1346,156,6,102,NVIDIA GTX 1650,981
4,2,6,139,AMD Ryzen 5,1558,427,4,372,AMD Radeon RX 580,624
2.5,6,5,117,Intel Core i7,1851,248,7,161,NVIDIA GTX 1650,1306
4.3,4,23,136,AMD Ryzen 3,1408,479,8,389,AMD Radeon RX 580,503
2.6,6,32,71,AMD Ryzen 3,1970,206,10,122,NVIDIA GTX 1060,901
2.1,10,24,99,Intel Core i5,1986,398,2,162,NVIDIA RTX 2060,1275
3.3,4,17,64,Intel Core i7,1068,311,3,326,NVIDIA GTX 1650,1242
3.1,11,6,76,Intel Core i5,1556,314,12,396,AMD Radeon RX 580,952
3,9,24,71,AMD Ryzen 3,1994,223,11,357,AMD Radeon RX 570,1622
3.2,10,28,131,AMD Ryzen 3,1371,214,5,307,NVIDIA RTX 2060,1483
2.7,10,27,117,Intel Core i5,1992,355,9,245,NVIDIA GTX 1650,868
4.2,12,26,118,Intel Core i3,1211,299,12,388,NVIDIA GTX 1050,952
2,12,21,123,AMD Ryzen 5,1945,144,2,231,NVIDIA GTX 1650,1916
3.3,11,25,60,AMD Ryzen 5,1261,270,3,327,AMD Radeon RX 580,736
3.3,7,24,137,Intel Core i3,1429,452,2,367,NVIDIA RTX 2060,1668
4.4,4,5,66,Intel Core i3,1303,201,7,227,AMD Radeon RX 580,568
2.8,6,18,130,AMD Ryzen 5,1891,331,7,223,NVIDIA GTX 1650,880
3.6,9,9,123,AMD Ryzen 5,1186,197,9,152,NVIDIA RTX 2060,1446
4.4,12,22,64,Intel Core i3,1852,157,11,117,NVIDIA GTX 1060,1935
4.4,8,6,119,AMD Ryzen 5,1695,142,9,104,NVIDIA GTX 1660,1406
3.4,11,16,61,Intel Core i7,1131,224,2,145,NVIDIA GTX 1050,795
3.7,5,7,144,Intel Core i7,1174,437,3,378,NVIDIA GTX 1050,799
2.7,7,16,78,Intel Core i3,1255,241,2,252,NVIDIA GTX 1060,1633
2.6,9,11,48,Intel Core i5,1516,434,7,110,AMD Radeon RX 570,1882
3.7,12,9,59,Intel Core i7,1336,266,7,350,AMD Radeon RX 570,1575
4.5,4,8,81,AMD Ryzen 3,1281,465,10,258,NVIDIA GTX 1060,735
3.2,7,7,90,Intel Core i7,1910,315,6,101,NVIDIA GTX 1650,730
3.6,5,18,121,AMD Ryzen 5,1657,132,12,206,AMD Radeon RX 570,1622
2,5,12,138,Intel Core i3,1757,294,3,125,NVIDIA GTX 1660,1487
2.5,6,16,127,Intel Core i5,1702,323,3,389,NVIDIA GTX 1660,1821
3,8,5,125,Intel Core i5,1937,431,11,335,NVIDIA GTX 1660,1689
2,7,21,54,Intel Core i7,1224,141,5,254,NVIDIA GTX 1650,1445
3.4,2,22,69,Intel Core i7,1999,400,9,294,AMD Radeon RX 580,1567
2.5,11,7,71,Intel Core i7,1494,315,2,295,NVIDIA RTX 2060,1247
2.8,5,20,65,AMD Ryzen 5,1552,463,4,376,AMD Radeon RX 580,850
2.5,2,29,118,AMD Ryzen 7,1655,431,3,167,AMD Radeon RX 580,904
2.9,5,17,143,Intel Core i7,1159,383,3,235,NVIDIA RTX 2060,1612
3.8,6,31,57,Intel Core i3,1167,200,3,266,NVIDIA RTX 2060,699
4.1,9,17,106,AMD Ryzen 3,1516,378,2,323,NVIDIA GTX 1060,1875
4,2,26,80,AMD Ryzen 7,1296,320,4,240,NVIDIA GTX 1650,905
2.7,6,11,58,AMD Ryzen 5,1573,233,8,326,NVIDIA GTX 1060,1481
2.4,6,8,145,AMD Ryzen 7,1071,350,5,376,NVIDIA GTX 1050,896
4.4,8,22,134,AMD Ryzen 5,1865,216,8,240,AMD Radeon RX 580,1809
3.4,12,13,60,Intel Core i7,1620,305,2,259,NVIDIA GTX 1060,573
4.1,2,31,134,AMD Ryzen 5,1137,481,11,117,NVIDIA GTX 1060,1197
3.3,2,24,87,AMD Ryzen 3,1567,157,5,251,NVIDIA RTX 2060,660
2.9,6,29,61,Intel Core i7,1777,360,5,335,NVIDIA GTX 1660,1117
2.9,3,24,71,AMD Ryzen 3,1184,472,2,217,AMD Radeon RX 570,1268
3.6,8,20,81,Intel Core i5,1632,191,5,150,NVIDIA GTX 1060,985
4.1,4,21,77,Intel Core i5,1394,163,10,292,NVIDIA RTX 2060,1629
3.3,11,13,99,AMD Ryzen 7,1601,148,2,274,NVIDIA GTX 1650,1200
2.6,10,16,77,AMD Ryzen 5,1699,447,2,296,NVIDIA GTX 1050,1023
3.4,3,13,87,Intel Core i3,1621,329,7,122,NVIDIA RTX 2060,583
3.9,3,32,120,Intel Core i5,1131,446,12,391,NVIDIA GTX 1660,794
2.3,7,5,126,Intel Core i7,1700,450,8,358,AMD Radeon RX 570,506
2.7,7,28,77,Intel Core i5,1006,355,6,355,NVIDIA GTX 1660,1616
3.5,8,14,146,AMD Ryzen 7,1063,425,6,227,AMD Radeon RX 570,1826
2.2,5,4,88,Intel Core i3,1936,423,9,276,AMD Radeon RX 580,1531
3.1,11,20,67,Intel Core i5,1715,354,12,295,NVIDIA GTX 1660,1129
2.8,11,30,122,Intel Core i5,1722,284,10,226,NVIDIA GTX 1650,1638
3.3,5,28,63,AMD Ryzen 3,1322,389,7,332,AMD Radeon RX 580,1661
4.4,4,28,76,AMD Ryzen 3,1180,501,10,385,AMD Radeon RX 570,1820
3.2,2,25,115,AMD Ryzen 5,1318,183,6,197,NVIDIA GTX 1060,1948
4.1,10,7,120,AMD Ryzen 3,1979,273,6,152,NVIDIA GTX 1650,1666
2.2,4,22,53,AMD Ryzen 5,1218,381,10,232,NVIDIA GTX 1650,1273
3.4,8,27,71,Intel Core i7,1568,401,9,159,NVIDIA GTX 1060,1867
2.7,9,19,142,Intel Core i3,1622,435,8,288,AMD Radeon RX 570,954
2.8,2,8,144,Intel Core i7,1299,347,6,175,NVIDIA GTX 1660,1761
2,6,19,146,Intel Core i5,1371,198,3,268,NVIDIA RTX 2060,774
3.7,11,20,73,AMD Ryzen 7,1953,466,5,161,NVIDIA RTX 2060,1832
3.4,7,10,112,AMD Ryzen 3,1437,509,4,217,AMD Radeon RX 580,934
2.4,5,7,140,Intel Core i7,1627,415,11,227,NVIDIA GTX 1660,1743
3.6,9,26,134,AMD Ryzen 5,1426,343,12,118,NVIDIA GTX 1060,1337
4.2,6,12,124,AMD Ryzen 5,1765,211,4,253,NVIDIA GTX 1060,1001
2.1,4,4,90,AMD Ryzen 3,1253,332,10,239,AMD Radeon RX 570,1053
2.3,8,16,52,AMD Ryzen 3,1668,385,9,335,AMD Radeon RX 570,1315
2.8,7,20,71,AMD Ryzen 5,1918,382,7,241,AMD Radeon RX 580,1613
2.2,10,14,95,AMD Ryzen 3,1656,159,2,323,NVIDIA GTX 1660,837
2.6,9,10,97,Intel Core i5,1631,491,9,203,AMD Radeon RX 570,1511
2.5,4,23,81,Intel Core i5,1387,245,5,109,NVIDIA GTX 1050,502
2.4,12,12,49,AMD Ryzen 7,1923,510,10,131,NVIDIA GTX 1650,1722
3.7,2,6,145,AMD Ryzen 5,1691,169,7,191,AMD Radeon RX 570,1477
3.3,9,31,109,Intel Core i5,1534,452,3,325,NVIDIA RTX 2060,1661
4.1,5,5,147,Intel Core i7,1765,372,9,104,NVIDIA GTX 1060,507
4.5,2,22,150,AMD Ryzen 5,1622,199,3,111,NVIDIA RTX 2060,1390
3.2,11,32,142,Intel Core i7,1200,405,8,323,NVIDIA GTX 1660,1360
4.2,9,9,93,Intel Core i5,1517,460,9,357,AMD Radeon RX 570,1548
3.7,10,9,109,AMD Ryzen 7,1974,254,5,114,NVIDIA GTX 1660,685
4.2,2,30,142,AMD Ryzen 3,1207,357,8,355,AMD Radeon RX 580,884
4.4,10,5,117,Intel Core i3,1926,372,8,146,NVIDIA RTX 2060,1045
3.3,2,31,139,AMD Ryzen 7,1585,355,11,128,AMD Radeon RX 580,1341
3.1,4,11,79,Intel Core i5,1149,312,11,130,NVIDIA GTX 1050,1889
2.6,11,25,103,AMD Ryzen 7,1967,455,9,297,NVIDIA GTX 1660,1919
2.3,11,21,64,AMD Ryzen 7,1916,500,11,243,NVIDIA GTX 1060,1219
4.5,2,31,65,Intel Core i5,1010,181,4,389,NVIDIA GTX 1650,908
2.6,11,25,73,AMD Ryzen 3,1261,218,2,348,NVIDIA RTX 2060,1686
3.4,5,14,130,AMD Ryzen 5,1160,459,5,162,NVIDIA GTX 1660,780
2.4,4,7,58,Intel Core i3,1891,440,9,356,NVIDIA GTX 1050,1543
4,5,17,101,Intel Core i7,1498,456,11,213,NVIDIA RTX 2060,915
2.9,9,5,62,AMD Ryzen 7,1307,424,9,224,NVIDIA GTX 1650,534
3,5,28,130,AMD Ryzen 5,1992,358,12,102,NVIDIA GTX 1650,1423
3.4,11,17,96,Intel Core i5,1385,358,7,195,AMD Radeon RX 570,878
3.8,2,32,84,Intel Core i5,1346,448,9,390,NVIDIA GTX 1650,1546
4.4,10,8,96,AMD Ryzen 3,1491,479,12,226,NVIDIA GTX 1660,1544
2.9,4,32,82,AMD Ryzen 7,1460,313,9,345,NVIDIA GTX 1650,1596
4.2,5,11,121,AMD Ryzen 7,1817,279,6,270,NVIDIA GTX 1050,893
2.3,11,26,89,Intel Core i3,1666,200,9,317,NVIDIA GTX 1650,925
4.2,9,26,47,AMD Ryzen 7,1063,337,4,345,NVIDIA GTX 1650,894
3.8,9,25,58,Intel Core i3,1732,301,8,257,NVIDIA GTX 1050,1749
3.5,4,30,141,AMD Ryzen 3,1370,192,8,226,NVIDIA GTX 1660,1872
4.1,6,8,128,AMD Ryzen 7,1754,138,10,144,NVIDIA GTX 1650,1537
4.3,6,6,83,AMD Ryzen 7,1095,378,11,324,NVIDIA GTX 1060,1348
2.3,5,21,117,AMD Ryzen 5,1736,409,11,376,NVIDIA GTX 1660,1041
4.3,12,22,103,Intel Core i5,1908,366,11,362,NVIDIA GTX 1660,753
3.9,10,30,109,Intel Core i7,1669,382,10,369,NVIDIA RTX 2060,517
2.7,6,26,58,Intel Core i7,1143,408,9,204,AMD Radeon RX 570,573
2.3,2,12,65,AMD Ryzen 7,1420,277,7,232,NVIDIA RTX 2060,978
2.9,7,5,86,Intel Core i7,1426,341,10,305,NVIDIA GTX 1650,1091
4.1,7,28,148,AMD Ryzen 3,1769,284,4,313,AMD Radeon RX 580,1989
4.2,3,28,78,Intel Core i5,1639,392,9,290,NVIDIA GTX 1650,883
4.2,9,32,150,AMD Ryzen 5,1819,182,7,149,NVIDIA RTX 2060,1719
3.5,5,7,93,Intel Core i3,1781,449,3,184,AMD Radeon RX 570,1136
2.3,2,16,73,AMD Ryzen 5,1726,312,4,162,AMD Radeon RX 570,561
3.1,11,25,70,Intel Core i5,1348,280,7,385,NVIDIA GTX 1060,1873
3.5,8,12,94,Intel Core i7,1561,299,12,328,AMD Radeon RX 570,1856
4.4,6,6,129,AMD Ryzen 7,1260,452,6,106,NVIDIA GTX 1650,1399
4.3,3,24,92,AMD Ryzen 3,1296,191,7,273,NVIDIA GTX 1650,1927
2.5,6,31,61,Intel Core i7,1584,165,8,346,NVIDIA GTX 1050,1069
3.9,3,12,121,Intel Core i3,1843,218,2,138,NVIDIA GTX 1050,893
4.4,11,5,116,Intel Core i7,1485,173,8,271,NVIDIA GTX 1650,895
2.7,9,23,64,Intel Core i5,1933,396,6,301,NVIDIA GTX 1650,1409
2.8,4,6,111,Intel Core i7,1657,447,7,335,NVIDIA GTX 1660,1903
3.1,8,28,146,Intel Core i7,1316,248,9,149,NVIDIA GTX 1050,1866
2.2,5,10,122,Intel Core i7,1656,403,3,189,AMD Radeon RX 570,1414
3,9,27,123,Intel Core i3,1452,409,7,381,NVIDIA RTX 2060,618
2.5,3,17,94,AMD Ryzen 7,1523,136,12,232,NVIDIA RTX 2060,1418
2.5,6,30,132,Intel Core i3,1543,451,12,313,NVIDIA GTX 1050,708
3,10,26,111,AMD Ryzen 5,1271,351,3,399,NVIDIA GTX 1660,1561
2.1,11,4,107,Intel Core i3,1348,356,7,359,NVIDIA RTX 2060,726
2,3,29,53,Intel Core i7,1305,488,10,224,NVIDIA RTX 2060,1965
2,11,19,130,AMD Ryzen 3,1203,178,2,241,AMD Radeon RX 580,1606
3.8,3,16,45,AMD Ryzen 3,1604,220,6,149,NVIDIA GTX 1650,1260
2.9,3,24,130,Intel Core i5,1827,402,11,309,NVIDIA GTX 1650,1460
2.7,3,30,134,AMD Ryzen 7,1965,205,9,275,AMD Radeon RX 580,588
4.4,7,29,59,Intel Core i3,1852,476,5,324,NVIDIA GTX 1060,1182
3.7,5,27,75,AMD Ryzen 7,1972,421,2,253,NVIDIA GTX 1050,753
2.8,3,15,131,AMD Ryzen 3,1283,215,4,139,NVIDIA GTX 1650,1311
2.5,9,21,83,AMD Ryzen 5,1846,386,4,310,NVIDIA GTX 1050,951
3.2,11,16,95,Intel Core i5,1390,388,6,390,NVIDIA GTX 1660,855
2.8,3,19,92,Intel Core i3,1033,347,8,307,NVIDIA GTX 1050,1088
2,5,17,118,AMD Ryzen 5,1974,159,3,399,AMD Radeon RX 580,793
2.4,11,29,130,Intel Core i7,1482,487,2,333,NVIDIA GTX 1660,1742
4.1,4,8,72,AMD Ryzen 7,1652,360,8,231,AMD Radeon RX 580,1748
2.4,2,17,46,AMD Ryzen 5,1395,291,10,310,NVIDIA GTX 1650,1418
2.9,4,6,53,AMD Ryzen 5,1082,367,2,246,NVIDIA RTX 2060,1592
2.2,7,25,92,Intel Core i7,1643,356,9,184,AMD Radeon RX 580,1357
4.4,5,17,89,AMD Ryzen 7,1088,386,11,310,NVIDIA GTX 1650,1588
3,4,18,101,Intel Core i5,1283,245,4,234,AMD Radeon RX 580,1742
2.2,12,32,135,Intel Core i5,1566,175,8,182,AMD Radeon RX 570,1798
3.4,3,20,117,AMD Ryzen 5,1482,401,12,108,NVIDIA RTX 2060,1463
2.1,11,27,150,Intel Core i7,1722,204,12,319,AMD Radeon RX 570,621
3.8,8,25,117,AMD Ryzen 3,1975,179,6,186,AMD Radeon RX 580,1189
3.9,7,4,81,AMD Ryzen 7,1545,372,4,362,AMD Radeon RX 570,1650
3.2,6,27,91,AMD Ryzen 5,1038,463,5,357,NVIDIA GTX 1660,837
3.4,8,16,112,AMD Ryzen 3,1119,151,2,194,AMD Radeon RX 580,1924
4.3,2,20,123,AMD Ryzen 5,1275,211,7,183,AMD Radeon RX 580,1277
4.2,4,30,105,AMD Ryzen 5,1634,323,11,362,NVIDIA GTX 1650,1672
3.4,3,24,140,AMD Ryzen 5,1714,185,5,258,NVIDIA GTX 1650,1859
4.3,11,4,71,Intel Core i3,1307,196,5,355,NVIDIA GTX 1650,981
2.9,8,20,120,Intel Core i5,1180,468,4,228,NVIDIA GTX 1660,750
2.7,12,17,120,AMD Ryzen 3,1295,318,4,341,NVIDIA GTX 1060,921
2.6,5,5,119,AMD Ryzen 3,1703,511,5,129,NVIDIA GTX 1050,597
4.1,12,16,46,AMD Ryzen 5,1087,400,3,108,NVIDIA GTX 1060,1768
2.5,4,18,82,Intel Core i3,1925,229,7,262,NVIDIA GTX 1660,786
2.4,8,32,130,Intel Core i5,1850,461,8,171,NVIDIA GTX 1660,540
2.6,8,32,55,AMD Ryzen 7,1882,224,8,288,NVIDIA GTX 1650,673
3.8,4,25,150,AMD Ryzen 7,1347,167,2,165,NVIDIA GTX 1660,1991
2.5,10,7,126,Intel Core i5,1210,508,8,119,NVIDIA GTX 1060,1419
4.4,10,17,65,Intel Core i5,1251,408,2,169,AMD Radeon RX 580,1830
3.3,10,21,104,AMD Ryzen 7,1172,287,4,394,NVIDIA GTX 1660,796
2.4,6,22,63,AMD Ryzen 3,1549,298,6,219,NVIDIA RTX 2060,1747
2.7,2,6,112,AMD Ryzen 7,1611,509,12,182,AMD Radeon RX 580,647
4.4,9,32,100,Intel Core i3,1446,182,12,225,NVIDIA GTX 1660,1970
2.2,2,19,119,AMD Ryzen 5,1431,347,4,241,NVIDIA GTX 1050,1744
3.9,9,11,121,Intel Core i5,1124,337,5,370,AMD Radeon RX 570,1133
3.2,3,8,66,Intel Core i5,1350,366,8,332,NVIDIA GTX 1660,1663
4.2,3,25,61,AMD Ryzen 7,1747,283,5,121,NVIDIA GTX 1650,789
2.3,10,6,143,Intel Core i7,1754,335,12,102,NVIDIA GTX 1660,1980
4.3,8,11,72,Intel Core i7,1971,323,7,286,NVIDIA RTX 2060,1143
2,8,9,119,AMD Ryzen 3,1471,488,3,186,NVIDIA GTX 1050,519
3.9,12,19,129,AMD Ryzen 5,1507,356,5,120,NVIDIA GTX 1060,685
3,2,16,54,Intel Core i3,1066,432,9,276,AMD Radeon RX 580,1754
2.3,7,32,107,AMD Ryzen 5,1579,199,9,182,NVIDIA GTX 1060,1409
3.2,10,25,139,Intel Core i7,1752,372,11,307,NVIDIA RTX 2060,1171
4.3,12,13,117,Intel Core i3,1805,239,7,280,NVIDIA GTX 1650,898
2.3,7,10,145,Intel Core i7,1082,289,7,175,AMD Radeon RX 580,627
3.3,4,23,58,AMD Ryzen 7,1798,269,11,353,AMD Radeon RX 570,801
2.9,2,14,147,AMD Ryzen 5,1899,324,5,279,NVIDIA RTX 2060,1348
4.3,10,24,81,AMD Ryzen 7,1700,287,12,290,AMD Radeon RX 580,905
4.1,5,15,103,AMD Ryzen 7,1628,250,7,184,NVIDIA GTX 1650,1421
3.3,12,16,63,AMD Ryzen 3,1008,290,9,293,AMD Radeon RX 570,1285
2.1,11,21,69,AMD Ryzen 5,1408,429,4,293,NVIDIA GTX 1660,1620
2.7,8,9,125,Intel Core i7,1117,359,2,259,NVIDIA GTX 1050,742
3.6,8,7,148,Intel Core i3,1569,241,3,337,NVIDIA GTX 1060,1588
3.5,10,32,84,Intel Core i3,1221,477,10,148,AMD Radeon RX 580,1183
3.8,5,4,120,AMD Ryzen 5,1131,244,11,199,NVIDIA GTX 1660,825
2.1,2,22,77,Intel Core i7,1347,467,5,195,NVIDIA GTX 1060,559
3.1,12,13,136,Intel Core i5,1650,378,2,317,NVIDIA GTX 1050,1597
3.2,2,24,50,AMD Ryzen 7,1684,304,6,226,NVIDIA GTX 1060,1383
3.8,9,10,141,Intel Core i5,1050,264,2,119,NVIDIA RTX 2060,517
4.1,10,13,135,Intel Core i3,1316,175,12,341,AMD Radeon RX 570,572
4.1,8,25,78,Intel Core i3,1442,492,11,351,AMD Radeon RX 570,1282
2.3,2,24,118,Intel Core i3,1666,245,10,369,NVIDIA GTX 1650,1632
4.4,6,12,88,AMD Ryzen 5,1451,502,5,290,NVIDIA GTX 1650,1440
2.8,5,22,127,AMD Ryzen 7,1547,200,7,382,AMD Radeon RX 580,1751
3.6,9,26,137,Intel Core i3,1964,307,7,175,NVIDIA RTX 2060,1480
2.9,12,11,137,AMD Ryzen 5,1768,242,3,302,AMD Radeon RX 580,1403
3.8,5,23,76,AMD Ryzen 3,1154,197,6,282,NVIDIA GTX 1650,764
3,10,4,81,AMD Ryzen 7,1841,468,3,238,NVIDIA GTX 1050,822
3.2,9,27,116,Intel Core i5,1732,439,9,130,NVIDIA GTX 1650,1869
2.1,7,20,106,Intel Core i3,1343,264,7,151,AMD Radeon RX 580,1156
4.3,3,14,124,AMD Ryzen 7,1426,345,11,231,AMD Radeon RX 570,1728
3.5,3,24,145,AMD Ryzen 3,1923,253,7,314,AMD Radeon RX 580,1835
3,11,15,54,Intel Core i3,1278,401,10,191,NVIDIA GTX 1050,1319
2.2,11,6,89,Intel Core i7,1217,288,4,289,NVIDIA GTX 1650,800
3.4,11,32,99,Intel Core i7,1123,264,4,228,AMD Radeon RX 580,1681
2.5,2,30,94,AMD Ryzen 7,1579,339,5,119,NVIDIA GTX 1060,1279
3.6,6,27,84,AMD Ryzen 3,1129,325,10,212,NVIDIA GTX 1660,1699
4.3,9,19,100,Intel Core i3,1175,404,10,385,AMD Radeon RX 570,1803
4.1,9,27,49,Intel Core i3,1942,483,6,346,NVIDIA GTX 1660,1367
3.3,7,14,100,AMD Ryzen 7,1684,276,2,388,NVIDIA GTX 1050,1634
2.9,2,20,59,AMD Ryzen 3,1266,431,9,114,NVIDIA GTX 1060,1752
4,11,9,92,AMD Ryzen 7,1595,479,5,170,NVIDIA RTX 2060,1111
3.1,3,11,112,Intel Core i5,1376,278,2,263,NVIDIA GTX 1060,899
3,4,11,49,AMD Ryzen 3,1484,178,7,101,NVIDIA GTX 1060,1949
3.9,7,6,140,Intel Core i3,1594,143,7,182,NVIDIA GTX 1060,829
4.4,11,29,53,Intel Core i3,1561,469,12,210,NVIDIA GTX 1650,1140
3.7,8,5,113,Intel Core i7,1419,432,5,176,NVIDIA GTX 1060,579
3.1,7,6,74,AMD Ryzen 3,1229,355,4,108,NVIDIA GTX 1650,1962
4.4,11,15,133,AMD Ryzen 5,1315,375,3,132,NVIDIA GTX 1660,1003
2.3,6,32,53,AMD Ryzen 7,1921,167,6,252,NVIDIA GTX 1650,1696
3.1,9,5,122,Intel Core i3,1315,188,11,197,NVIDIA GTX 1060,586
4.4,6,11,85,AMD Ryzen 5,1375,248,11,100,NVIDIA GTX 1660,788
3.3,2,20,65,Intel Core i7,1140,247,8,341,NVIDIA GTX 1060,1088
3.5,7,22,69,Intel Core i7,1912,285,9,224,NVIDIA GTX 1650,878
3.8,11,14,134,Intel Core i7,1212,355,2,103,NVIDIA GTX 1050,789
3.5,9,32,102,AMD Ryzen 7,1691,503,2,389,NVIDIA GTX 1050,1814
3.9,3,23,56,Intel Core i3,1795,407,8,172,AMD Radeon RX 570,1824
3.9,5,23,71,Intel Core i5,1840,377,6,378,NVIDIA GTX 1050,1442
3.8,8,11,97,AMD Ryzen 5,1153,386,8,394,NVIDIA GTX 1650,1159
3.5,11,16,75,Intel Core i7,1116,381,9,166,NVIDIA GTX 1050,1794
3.4,5,6,75,Intel Core i5,1312,138,6,331,AMD Radeon RX 570,632
3.3,9,21,121,Intel Core i3,1833,466,11,246,NVIDIA GTX 1050,685
3.8,4,13,82,Intel Core i7,1387,389,4,353,NVIDIA GTX 1050,782
3.2,12,17,109,Intel Core i7,1735,406,3,135,NVIDIA GTX 1650,1952
2.7,4,13,60,Intel Core i3,1999,402,11,174,NVIDIA GTX 1050,1309
4.1,7,23,139,AMD Ryzen 3,1892,364,8,383,NVIDIA GTX 1050,1066
3,10,24,141,Intel Core i5,1992,498,3,103,NVIDIA GTX 1050,666
4.1,11,8,103,Intel Core i5,1140,131,12,116,NVIDIA RTX 2060,974
2.3,6,13,103,AMD Ryzen 3,1707,373,12,182,NVIDIA GTX 1050,725
3.1,2,9,48,Intel Core i7,1712,136,4,295,NVIDIA GTX 1660,1060
4.2,10,17,118,Intel Core i5,1046,200,2,346,NVIDIA GTX 1660,779
2.7,9,19,125,Intel Core i3,1509,311,5,272,NVIDIA GTX 1050,1303
4.4,5,27,133,Intel Core i3,1975,483,5,243,NVIDIA GTX 1660,1438
2.4,12,20,46,Intel Core i5,1089,175,9,197,NVIDIA RTX 2060,1256
3.5,12,8,92,AMD Ryzen 7,1064,128,9,326,NVIDIA GTX 1060,1696
3.1,9,13,57,Intel Core i5,1767,466,11,351,NVIDIA GTX 1060,826
3,10,12,94,Intel Core i3,1607,489,12,276,AMD Radeon RX 570,1024
2.4,4,32,130,Intel Core i5,1720,128,8,108,NVIDIA GTX 1660,974
3.9,5,24,72,Intel Core i7,1960,361,5,258,NVIDIA GTX 1650,785
4,10,19,88,Intel Core i3,1710,454,3,132,NVIDIA GTX 1650,1697
2.9,11,28,51,AMD Ryzen 3,1911,486,9,248,NVIDIA RTX 2060,611
2.9,9,22,129,Intel Core i5,1412,512,8,193,NVIDIA GTX 1660,1024
2.7,3,16,124,Intel Core i5,1190,456,5,280,NVIDIA GTX 1650,1355
4.2,3,14,48,AMD Ryzen 5,1860,419,6,250,NVIDIA RTX 2060,1167
3.2,8,32,116,AMD Ryzen 3,1370,505,2,226,AMD Radeon RX 570,1623
2.4,12,8,97,Intel Core i7,1381,379,11,386,NVIDIA GTX 1050,682
4.4,11,9,103,AMD Ryzen 5,1166,360,3,186,NVIDIA GTX 1060,1651
2.7,12,31,45,Intel Core i5,1895,425,5,191,AMD Radeon RX 580,1276
2.1,11,12,74,AMD Ryzen 5,1922,199,11,162,NVIDIA GTX 1660,1976
2.7,11,6,139,AMD Ryzen 7,1706,420,7,303,NVIDIA GTX 1650,859
3.2,10,11,92,Intel Core i7,1067,218,11,136,NVIDIA GTX 1060,1169
3.6,8,15,128,AMD Ryzen 7,1345,287,3,194,NVIDIA GTX 1050,852
3.2,12,18,50,AMD Ryzen 3,1985,320,4,364,NVIDIA GTX 1660,1562
3.3,5,28,91,AMD Ryzen 7,1052,489,9,120,AMD Radeon RX 580,903
2.7,9,30,84,AMD Ryzen 3,1192,222,9,161,NVIDIA RTX 2060,1219
4.1,12,30,46,Intel Core i5,1494,439,10,132,NVIDIA GTX 1660,1954
3.8,11,25,88,Intel Core i7,1205,326,8,119,NVIDIA GTX 1650,543
3.8,4,15,125,Intel Core i3,1849,377,9,375,NVIDIA GTX 1650,1347
3.8,5,21,90,AMD Ryzen 7,1063,397,7,158,NVIDIA GTX 1660,799
3,2,19,122,AMD Ryzen 3,1012,297,8,176,NVIDIA GTX 1060,1656
2.2,7,14,130,AMD Ryzen 5,1134,237,2,259,AMD Radeon RX 570,1932
4,10,24,82,Intel Core i7,1398,326,3,280,NVIDIA GTX 1650,1544
2.5,8,23,146,AMD Ryzen 3,1365,142,3,211,NVIDIA GTX 1660,648
2.3,6,11,57,Intel Core i3,1514,404,3,331,NVIDIA GTX 1660,1357
2.1,3,12,53,AMD Ryzen 3,1797,282,5,134,NVIDIA GTX 1050,1696
3.4,10,12,112,Intel Core i3,1576,418,3,130,NVIDIA GTX 1650,551
2.8,5,19,82,AMD Ryzen 3,1740,449,6,328,NVIDIA GTX 1650,1875
3.4,11,4,150,AMD Ryzen 3,1108,157,9,284,NVIDIA GTX 1060,1050
2,3,25,120,Intel Core i7,1672,256,11,326,AMD Radeon RX 580,1874
3.6,4,31,79,Intel Core i5,1861,139,10,316,NVIDIA GTX 1050,1570
3.1,5,21,136,Intel Core i7,1374,164,4,115,AMD Radeon RX 580,1642
4.5,6,10,145,AMD Ryzen 7,1079,307,11,363,NVIDIA GTX 1660,1536
3.3,11,4,66,AMD Ryzen 7,1590,403,10,387,AMD Radeon RX 580,1984
3.2,11,29,93,AMD Ryzen 5,1138,178,9,342,NVIDIA GTX 1050,917
4.1,8,32,70,AMD Ryzen 7,1086,317,9,135,AMD Radeon RX 570,705
3.6,11,22,127,AMD Ryzen 5,1500,152,2,368,NVIDIA GTX 1050,1276
4.2,3,8,49,Intel Core i5,1884,377,3,183,NVIDIA GTX 1660,933
2.3,3,28,106,AMD Ryzen 5,1293,310,9,204,NVIDIA RTX 2060,1299
3.7,2,13,148,AMD Ryzen 3,1844,328,6,224,NVIDIA GTX 1650,1222
2.9,11,19,126,AMD Ryzen 3,1087,374,8,155,AMD Radeon RX 570,1876
2.6,7,4,120,AMD Ryzen 7,1885,340,9,303,AMD Radeon RX 580,908
4.2,7,32,64,Intel Core i7,1831,355,5,109,AMD Radeon RX 580,1510
4.1,8,15,118,AMD Ryzen 3,1982,468,7,111,NVIDIA GTX 1060,1158
4.2,12,7,134,AMD Ryzen 7,1588,444,12,302,NVIDIA RTX 2060,618
2.4,2,29,121,AMD Ryzen 7,1242,324,7,169,NVIDIA GTX 1050,1019
2.9,11,25,66,Intel Core i5,1888,300,8,238,NVIDIA GTX 1660,691
2.3,3,32,110,AMD Ryzen 7,1287,172,7,229,AMD Radeon RX 580,1689
2.9,5,23,87,AMD Ryzen 3,1147,223,9,162,NVIDIA GTX 1650,519
2.9,9,7,88,AMD Ryzen 3,1557,450,3,397,NVIDIA GTX 1650,986
3.2,9,16,105,Intel Core i3,1095,389,9,238,NVIDIA GTX 1050,1923
2.4,2,23,90,AMD Ryzen 3,1331,218,8,365,NVIDIA GTX 1650,1149
2,3,32,117,Intel Core i5,1093,388,8,231,NVIDIA GTX 1660,1161
3.1,6,17,96,AMD Ryzen 7,1782,452,12,161,AMD Radeon RX 570,1416
4.3,11,24,134,Intel Core i5,1583,149,12,365,NVIDIA GTX 1660,771
4.3,10,5,143,Intel Core i3,1732,300,11,318,NVIDIA GTX 1660,1432
3.5,11,20,51,Intel Core i7,1958,285,6,219,AMD Radeon RX 570,986
4.3,3,15,130,Intel Core i7,1773,279,9,284,AMD Radeon RX 580,750
2.9,2,30,79,Intel Core i7,1099,270,11,223,NVIDIA RTX 2060,1868
2.6,12,23,87,Intel Core i5,1783,170,10,229,AMD Radeon RX 580,533
3.7,9,11,78,Intel Core i5,1278,160,6,322,NVIDIA RTX 2060,1997
2.1,2,9,147,Intel Core i5,1429,501,7,116,NVIDIA RTX 2060,548
3.1,5,20,81,AMD Ryzen 3,1298,278,7,119,AMD Radeon RX 570,868
2.1,4,24,101,AMD Ryzen 3,1517,458,10,209,NVIDIA GTX 1050,1399
2.4,6,29,80,AMD Ryzen 7,1287,339,5,256,NVIDIA GTX 1060,805
2,8,26,73,AMD Ryzen 5,1974,307,7,252,NVIDIA GTX 1060,712
2.6,8,10,104,Intel Core i7,1881,462,12,315,AMD Radeon RX 580,1846
3.2,8,5,46,AMD Ryzen 7,1108,384,8,144,NVIDIA RTX 2060,1587
2.2,2,20,97,Intel Core i5,1730,297,7,175,NVIDIA GTX 1660,1864
2.1,6,21,142,Intel Core i3,1741,149,8,219,AMD Radeon RX 570,1211
2.1,2,5,114,Intel Core i5,1308,485,10,101,NVIDIA GTX 1650,838
3.6,5,11,89,AMD Ryzen 7,1332,482,8,299,AMD Radeon RX 580,1012
2.5,6,26,93,Intel Core i7,1372,218,5,314,NVIDIA GTX 1650,1489
2.3,10,6,122,Intel Core i5,1529,140,8,158,NVIDIA GTX 1060,656
3.5,11,18,132,Intel Core i7,1966,477,11,394,NVIDIA GTX 1660,1911
3.9,11,7,133,AMD Ryzen 7,1638,129,6,247,AMD Radeon RX 570,1229
3,9,15,114,Intel Core i3,1056,493,8,344,AMD Radeon RX 570,1818
3,9,6,121,AMD Ryzen 7,1645,448,11,369,NVIDIA RTX 2060,1052
2.1,5,20,141,Intel Core i5,1478,369,3,223,NVIDIA GTX 1660,962
2.5,10,11,127,AMD Ryzen 7,1443,423,8,354,NVIDIA GTX 1060,1882
2.3,11,27,90,Intel Core i5,1073,417,8,181,NVIDIA GTX 1060,504
2.4,8,7,92,AMD Ryzen 7,1360,411,5,129,AMD Radeon RX 580,1665
3.5,5,11,141,AMD Ryzen 7,1544,482,2,397,AMD Radeon RX 570,989
2.8,9,16,94,AMD Ryzen 7,1062,453,6,349,AMD Radeon RX 570,1850
3.4,3,13,96,Intel Core i7,1367,165,8,145,NVIDIA GTX 1660,789
2.6,4,14,124,Intel Core i3,1213,482,6,126,AMD Radeon RX 570,1981
3.3,12,20,149,AMD Ryzen 3,1477,357,5,279,NVIDIA GTX 1060,896
3.4,4,5,114,AMD Ryzen 3,1432,151,2,108,AMD Radeon RX 570,554
3.1,5,7,57,AMD Ryzen 5,1677,137,8,394,NVIDIA GTX 1650,1387
4.5,2,5,126,Intel Core i3,1265,318,11,233,NVIDIA GTX 1060,1926
2.3,4,22,102,AMD Ryzen 3,1605,235,2,127,AMD Radeon RX 570,900
4,2,28,93,AMD Ryzen 7,1588,365,5,202,AMD Radeon RX 580,1070
3.4,9,20,138,Intel Core i3,1854,427,6,299,AMD Radeon RX 570,1510
2.6,11,4,101,AMD Ryzen 7,1149,187,7,299,AMD Radeon RX 580,747
2.8,2,28,68,Intel Core i3,1255,452,11,206,NVIDIA GTX 1660,609
3.1,9,9,56,AMD Ryzen 3,1132,149,8,303,NVIDIA GTX 1060,743
4.3,4,26,142,AMD Ryzen 3,1751,483,3,338,NVIDIA GTX 1060,1997
2.2,9,31,75,AMD Ryzen 5,1114,474,4,113,AMD Radeon RX 580,1336
3.6,12,26,130,Intel Core i5,1357,302,7,299,NVIDIA RTX 2060,632
3.6,11,14,59,AMD Ryzen 7,1300,333,8,172,NVIDIA GTX 1050,1870
3,2,25,120,Intel Core i5,1656,479,6,227,AMD Radeon RX 570,701
2,12,7,101,Intel Core i5,1244,180,7,257,NVIDIA GTX 1660,1607
4.1,3,32,91,AMD Ryzen 7,1242,349,10,147,AMD Radeon RX 580,1958
2.1,11,28,149,Intel Core i3,1877,287,4,155,NVIDIA GTX 1660,1765
3.7,7,5,49,Intel Core i7,1246,408,7,193,NVIDIA GTX 1050,1761
